id,category,volume_cm3,weight_grams,price_hellers,profit_hellers
0,Books,892,403,18318,3499
1,Books,866,251,10756,2986
2,Books,716,312,20635,4784
3,Books,2133,1309,27929,7800
4,Books,1241,325,52359,10358
5,Books,1504,438,60872,11198
6,Books,2581,767,27472,5666
7,Books,701,306,31051,5446
8,Books,1132,611,39689,13143
9,Books,3918,1904,36700,7555
10,Books,2089,682,28658,5070
11,Books,1121,604,38140,8450
12,Books,3300,868,32549,8569
13,Books,1687,574,24670,3921
14,Books,1723,387,32285,7369
15,Books,1098,310,41230,9084
16,Books,1907,1013,40099,7591
17,Books,685,254,30703,5096
18,Books,1210,406,72627,12653
19,Books,2401,795,10212,2171
20,Books,892,456,22716,3462
21,Books,687,355,26998,6581
22,Books,2875,1741,37292,8068
23,Books,1641,385,18840,3938
24,Books,480,205,21327,4008
25,Books,1019,731,61218,13044
26,Books,1350,539,52299,13509
27,Books,553,466,27816,5689
28,Books,3263,653,44000,8227
29,Books,2193,446,73895,14343
30,Books,1331,458,19537,3822
31,Books,1242,546,19884,3251
32,Books,1726,457,33071,6169
33,Books,1424,412,66249,15459
34,Books,1013,661,27223,3848
35,Books,824,567,94028,14139
36,Books,631,356,16810,2661
37,Books,1081,385,32408,6687
38,Books,1991,948,25681,4520
39,Books,1465,926,53741,9012
40,Books,1950,617,73993,15560
41,Books,792,219,27680,8224
42,Books,1927,584,31011,6941
43,Books,4600,1608,66076,15711
44,Books,1202,465,48978,7208
45,Books,982,330,43071,6502
46,Books,2116,1149,77778,15635
47,Books,1017,581,13971,3039
48,Books,693,233,16293,3104
49,Books,2383,805,44191,9632
50,Books,1693,691,31831,5767
51,Books,1725,577,57480,11051
52,Books,1414,889,118214,20978
53,Books,874,252,78576,13366
54,Books,1021,398,46646,7912
55,Books,1147,779,31237,5733
56,Books,556,245,37820,6983
57,Books,1883,667,30689,4840
58,Books,1144,396,24623,4646
59,Books,428,146,33685,7781
60,Books,638,456,15375,3236
61,Books,782,304,58285,12820
62,Books,2975,865,36346,6850
63,Books,681,335,46977,8574
64,Books,947,248,52459,9149
65,Books,1146,265,63606,13792
66,Books,1532,683,22363,4751
67,Books,1038,401,23261,4825
68,Books,1576,901,53973,11595
69,Books,1828,1108,32585,6688
70,Books,1835,613,61309,17890
71,Books,3519,1080,29333,5040
72,Books,3260,1044,37045,7944
73,Books,1275,379,15650,3828
74,Books,1937,1190,18715,3789
75,Books,1308,361,15198,2402
76,Books,2686,846,33381,6229
77,Books,899,779,55325,16255
78,Books,1279,483,55219,7490
79,Books,577,257,34057,6584
80,Books,1479,371,35405,6639
81,Books,1369,454,18698,4065
82,Books,877,263,63035,12699
83,Books,676,252,37514,6006
84,Books,2211,843,13011,2418
85,Books,744,423,12900,1937
86,Books,662,237,27471,6245
87,Books,3733,2109,40537,10935
88,Books,1252,445,24935,3195
89,Books,1211,1086,33061,6816
90,Books,1238,254,50714,10475
91,Books,841,515,58331,15362
92,Books,431,362,25878,4556
93,Books,1147,531,33519,4999
94,Books,359,175,27494,6700
95,Books,2502,891,92721,13897
96,Books,2084,326,26297,4970
97,Books,557,330,14249,2966
98,Books,497,236,25965,5742
99,Books,841,476,34150,6352
100,Books,1080,512,45623,9439
101,Books,1055,394,16931,3472
102,Books,1793,378,23125,4738
103,Books,1099,277,52680,10289
104,Books,1543,454,46033,6286
105,Books,1110,727,59010,12631
106,Books,1192,394,47593,10835
107,Books,3452,1883,38714,7425
108,Books,1265,657,20718,3550
109,Books,1004,412,128093,26517
110,Books,2357,1351,70854,15635
111,Books,978,600,15780,3243
112,Books,510,392,37103,11515
113,Books,1114,746,43142,8632
114,Books,576,275,30982,6496
115,Books,1086,673,35390,5433
116,Books,333,235,27473,5700
117,Books,678,310,19707,4783
118,Books,747,292,39506,8722
119,Books,669,177,65758,15595
120,Books,2723,1304,49368,8659
121,Books,2018,762,25459,5138
122,Books,556,249,33023,6770
123,Books,2035,645,41723,7267
124,Books,457,283,56808,13237
125,Books,1172,574,24783,4233
126,Books,710,1163,7851,1231
127,Books,480,239,27506,7310
128,Books,467,311,25856,5871
129,Books,1504,794,26954,5161
130,Books,917,476,85535,14679
131,Books,1010,500,92498,24850
132,Books,884,251,31083,6905
133,Books,3961,1257,49458,12246
134,Books,1412,437,46850,8205
135,Books,1359,384,71307,12562
136,Books,1791,584,52886,10730
137,Books,762,155,57419,10922
138,Books,1919,512,35348,6554
139,Books,1360,287,47628,9428
140,Books,418,184,46119,7891
141,Books,561,138,35504,6200
142,Books,934,294,106723,24946
143,Books,729,265,85815,17891
144,Books,1131,450,28146,5257
145,Books,1194,590,28519,6614
146,Books,722,198,34731,6195
147,Books,921,489,41554,7489
148,Books,264,222,12226,3218
149,Books,2238,868,23182,5493
150,Books,365,240,28365,6006
151,Books,608,391,15009,2861
152,Books,652,165,29614,7124
153,Books,649,233,49660,13503
154,Books,2516,965,61483,11111
155,Books,2933,1216,58431,10391
156,Books,1175,528,37823,7157
157,Books,876,152,31221,6872
158,Books,1275,466,54482,11448
159,Books,829,327,18165,3831
160,Books,972,340,61373,11867
161,Books,883,179,57470,14818
162,Books,1228,283,36074,4487
163,Books,1429,596,31482,6358
164,Books,1413,432,38431,7663
165,Books,1358,428,27945,6381
166,Books,1870,577,45613,10886
167,Books,1336,386,46783,8789
168,Books,1115,879,41779,9094
169,Books,900,299,29721,4682
170,Books,652,270,16874,3748
171,Books,245,85,41726,7084
172,Books,1151,603,30594,3836
173,Books,845,313,41991,10677
174,Books,1535,405,24211,4995
175,Books,1817,310,33689,7616
176,Books,914,499,33133,7176
177,Books,930,268,35774,7319
178,Books,3990,987,62619,16125
179,Books,1153,872,23502,4982
180,Books,1586,571,34563,7395
181,Books,1052,277,66940,10032
182,Books,4847,1146,36073,6347
183,Books,1997,658,27737,6875
184,Books,617,186,17139,3120
185,Books,881,586,23408,4843
186,Books,1266,323,34242,5959
187,Books,1406,253,33306,7336
188,Books,1906,854,73605,15286
189,Books,1675,598,33354,7118
190,Books,1758,919,13827,3509
191,Books,1008,198,40443,7674
192,Books,1313,346,41289,9986
193,Books,477,155,38648,5772
194,Books,1039,537,73247,10942
195,Books,1048,490,37739,9150
196,Books,1552,402,27692,6227
197,Books,1536,998,30268,7780
198,Books,831,314,27813,4867
199,Books,2237,590,29178,6488
200,Books,705,349,56754,12094
201,Books,692,213,11348,1787
202,Books,2268,618,63973,16448
203,Books,2559,795,124454,20762
204,Books,1633,707,45320,8484
205,Books,1379,361,19609,5343
206,Books,653,321,18987,4931
207,Books,853,382,39722,8364
208,Books,1500,717,28529,4350
209,Books,443,393,26622,5858
210,Books,898,413,24669,3698
211,Books,652,410,58362,14349
212,Books,1153,442,27507,6303
213,Books,877,275,66210,11787
214,Books,3659,1864,84357,9855
215,Books,2651,808,17227,4340
216,Books,593,223,13916,4226
217,Books,1604,596,30230,5056
218,Books,991,603,31697,7426
219,Books,1527,315,28034,4764
220,Books,3020,580,31110,5906
221,Books,1116,611,40101,7519
222,Books,1026,378,21391,3009
223,Books,772,259,21088,3251
224,Books,3666,1391,47318,8870
225,Books,2842,1524,58820,11887
226,Books,868,357,27830,6829
227,Books,1779,529,35889,8449
228,Books,1395,635,25222,5125
229,Books,1228,359,43888,7186
230,Books,2637,951,65777,9649
231,Books,1092,407,19485,5693
232,Books,1480,789,16240,4053
233,Books,1079,286,39835,9122
234,Books,992,671,25523,4203
235,Books,2398,933,45495,7933
236,Books,2571,953,27479,5706
237,Books,987,697,50075,11286
238,Books,1083,510,72166,11087
239,Books,1061,417,60077,14239
240,Books,2626,804,35038,5642
241,Books,674,315,24434,5654
242,Books,2813,714,26338,4655
243,Books,1311,284,31777,5650
244,Books,1868,905,92800,24236
245,Books,1666,598,27121,5502
246,Books,960,408,32928,6616
247,Books,364,119,16602,2721
248,Books,2369,907,26748,6497
249,Books,284,141,33243,8584
250,Books,2492,1007,27177,5932
251,Books,2168,382,45745,10171
252,Books,497,216,37215,6730
253,Books,888,262,28008,5795
254,Books,873,657,39000,7217
255,Books,1379,810,27720,5581
256,Books,949,423,18669,4234
257,Books,1194,433,25728,4419
258,Books,1037,997,47052,10138
259,Books,1531,533,30163,5020
260,Books,783,279,28510,7540
261,Books,935,398,33045,6225
262,Books,1547,396,50724,8028
263,Books,1049,426,28872,5651
264,Books,502,256,28062,5677
265,Books,2009,944,62142,12517
266,Books,772,417,95100,20547
267,Books,1292,375,46603,8668
268,Books,1526,450,54211,17412
269,Books,1001,381,20106,4053
270,Books,4063,879,25099,5009
271,Books,886,171,31340,5412
272,Books,629,390,21063,2550
273,Books,1775,561,34767,7220
274,Books,1044,348,19634,4685
275,Books,2302,868,59423,16416
276,Books,1560,963,10982,2599
277,Books,619,191,38232,7889
278,Books,1709,1143,29667,5122
279,Books,1096,524,47181,9365
280,Books,747,208,22261,4221
281,Books,734,138,53477,12195
282,Books,839,294,32926,6791
283,Books,1329,710,86350,16638
284,Books,845,234,25066,5551
285,Books,1154,473,36228,7422
286,Books,2332,652,54109,9982
287,Books,799,258,28350,5534
288,Books,1678,884,17489,4843
289,Books,1274,687,18632,2911
290,Books,486,203,35504,6175
291,Books,1018,218,40383,7695
292,Books,1615,555,33006,6989
293,Books,1299,410,11110,2709
294,Books,531,360,20542,4771
295,Books,1025,376,21314,4766
296,Books,580,375,33022,5861
297,Books,1552,468,37257,5455
298,Books,4197,2079,18478,2874
299,Books,1798,290,34056,6383
300,Books,1230,511,50038,10144
301,Books,338,119,24777,4903
302,Books,1947,531,7148,1238
303,Books,569,168,33223,7647
304,Books,2420,487,29448,5054
305,Books,2133,689,24908,5066
306,Books,1298,493,31110,6492
307,Books,737,509,22552,6736
308,Books,674,150,45070,10374
309,Books,1339,481,27487,5494
310,Books,1160,400,31539,5058
311,Books,2820,1627,29653,4773
312,Books,728,223,33182,6698
313,Books,1481,950,41009,11675
314,Books,2090,497,37508,6240
315,Books,1970,1285,16649,3213
316,Books,1023,342,90439,20061
317,Books,659,404,36738,10057
318,Books,1427,859,28061,5028
319,Books,665,276,16836,3575
320,Books,948,257,40114,7925
321,Books,1119,503,35897,10519
322,Books,1446,632,57454,10277
323,Books,1297,240,31644,4827
324,Books,1449,505,36953,7253
325,Books,1107,373,60862,12133
326,Books,3144,911,37454,4573
327,Books,1598,737,21719,2520
328,Books,1532,379,54326,12268
329,Books,1063,421,68938,18008
330,Books,892,587,37492,5868
331,Books,487,367,27066,6207
332,Books,4837,1126,21492,3311
333,Books,768,479,35392,5786
334,Books,980,496,31704,4884
335,Books,1221,457,21244,4648
336,Books,1442,604,35686,9326
337,Books,4073,827,39435,7375
338,Books,1481,481,38979,9864
339,Books,2034,710,34230,5259
340,Books,697,148,22497,5441
341,Books,1144,714,34844,6580
342,Books,1731,665,57100,11122
343,Books,491,260,16787,3824
344,Books,725,152,23683,6899
345,Books,2122,733,23664,6858
346,Books,973,346,18761,2712
347,Books,710,345,76157,12542
348,Books,590,267,34617,9196
349,Books,1147,320,62434,20219
350,Books,946,514,34321,5027
351,Books,1567,465,92318,22530
352,Books,1256,874,41127,6991
353,Books,1242,408,52746,9694
354,Books,2178,512,77981,13007
355,Books,719,308,47251,12555
356,Books,864,378,50872,11890
357,Books,652,246,23340,4279
358,Books,2130,1117,54007,8874
359,Books,1538,472,24020,6194
360,Books,1287,412,26195,6089
361,Books,1569,550,44707,11512
362,Books,1798,509,36175,7194
363,Books,1100,402,13158,2854
364,Books,443,144,23230,4658
365,Books,1063,240,24250,4803
366,Books,1786,660,31768,6621
367,Books,954,335,37378,8598
368,Books,1620,776,33486,7304
369,Books,855,195,71129,13127
370,Books,827,579,22316,4577
371,Books,789,713,16926,3094
372,Books,966,832,28828,5526
373,Books,1180,673,61913,13179
374,Books,1623,578,61186,11297
375,Books,1441,492,72219,11694
376,Books,1645,520,52917,13174
377,Books,1403,817,57882,11194
378,Books,1080,338,30482,4832
379,Books,544,242,22139,3744
380,Books,714,290,30824,5796
381,Books,1761,601,52425,22245
382,Books,3566,685,37990,7897
383,Books,616,289,36385,7438
384,Books,711,284,30266,6807
385,Books,1443,379,39423,5892
386,Books,5719,2137,28230,5060
387,Books,762,311,23433,3311
388,Books,2504,895,27772,6182
389,Books,973,424,63777,13653
390,Books,687,257,37100,8613
391,Books,693,468,52427,7675
392,Books,1215,489,30165,4393
393,Books,1052,445,26192,6826
394,Books,1357,901,39933,11146
395,Books,1586,517,18669,3368
396,Books,990,351,48591,13574
397,Books,1125,622,38674,5975
398,Books,1181,587,35189,8411
399,Books,820,262,36109,6579
400,Stationery,2672,1061,21487,4495
401,Stationery,1898,848,40490,7249
402,Stationery,2712,1441,32301,7455
403,Stationery,3582,848,62310,10643
404,Stationery,3361,1624,14872,3391
405,Stationery,4689,913,33382,12527
406,Stationery,1381,724,14138,3550
407,Stationery,3534,606,16260,4538
408,Stationery,3187,840,40620,8291
409,Stationery,2339,1542,15553,3604
410,Stationery,3444,1039,30261,6576
411,Stationery,2572,814,39072,8448
412,Stationery,1218,371,18785,6594
413,Stationery,2158,969,38579,9009
414,Stationery,2549,944,25564,7324
415,Stationery,3562,897,20108,5799
416,Stationery,1600,724,42321,10143
417,Stationery,5833,955,48127,11054
418,Stationery,2229,636,101807,25335
419,Stationery,3672,1717,9804,2247
420,Stationery,1372,744,21419,7083
421,Stationery,1363,1276,32148,7977
422,Stationery,666,255,25716,6715
423,Stationery,4527,1399,11045,4395
424,Stationery,1259,632,15374,6590
425,Stationery,6786,1919,35547,10406
426,Stationery,4766,975,16311,3470
427,Stationery,2707,541,26708,5566
428,Stationery,877,587,27755,7721
429,Stationery,2508,601,14731,3819
430,Stationery,4692,948,45588,11121
431,Stationery,2137,671,103110,20944
432,Stationery,1536,920,21276,6162
433,Stationery,1340,1109,47806,10354
434,Stationery,3915,1382,24799,7711
435,Stationery,1980,814,52682,13313
436,Stationery,3445,919,43459,9346
437,Stationery,1885,540,26959,7881
438,Stationery,4003,932,56340,10005
439,Stationery,1425,646,37090,8984
440,Stationery,1705,393,16102,4185
441,Stationery,1264,554,26857,8021
442,Stationery,2414,1127,22592,6765
443,Stationery,3188,942,31017,6659
444,Stationery,1326,545,19777,5314
445,Stationery,1995,871,19000,4967
446,Stationery,3518,390,26241,5823
447,Stationery,5334,1417,14273,3425
448,Stationery,1246,856,13140,4526
449,Stationery,1242,939,21091,6164
450,Stationery,5478,1982,66201,16304
451,Stationery,2867,1105,19833,4900
452,Stationery,1500,531,51393,11240
453,Stationery,3000,661,6504,2426
454,Stationery,5198,1699,22942,5031
455,Stationery,3597,557,32551,8039
456,Stationery,3335,970,22439,5500
457,Stationery,2220,518,30198,11668
458,Stationery,1170,389,12414,3079
459,Stationery,1396,675,33346,8557
460,Stationery,3259,1004,15832,4565
461,Stationery,3441,611,13497,3258
462,Stationery,2732,518,27568,8093
463,Stationery,2175,391,17086,4293
464,Stationery,2091,558,16707,3966
465,Stationery,3256,671,44606,9487
466,Stationery,2547,1350,13621,4188
467,Stationery,1837,964,20951,4064
468,Stationery,1997,827,38097,12858
469,Stationery,1207,441,26202,6413
470,Stationery,1923,759,25563,7246
471,Stationery,1466,667,18663,5314
472,Stationery,1263,524,59520,15815
473,Stationery,1457,294,60157,16571
474,Stationery,5566,1386,21695,4161
475,Stationery,4645,2238,51872,10056
476,Stationery,1456,489,36181,5486
477,Stationery,8468,2079,6717,1891
478,Stationery,2258,796,17479,3106
479,Stationery,3217,809,34183,9260
480,Stationery,800,467,36519,8454
481,Stationery,3932,935,19849,4106
482,Stationery,2969,947,15598,3722
483,Stationery,5033,1035,19461,6180
484,Stationery,7371,2253,39471,8481
485,Stationery,2421,562,33498,5942
486,Stationery,2139,573,25884,6290
487,Stationery,2158,1458,8928,2102
488,Stationery,2535,676,47518,13176
489,Stationery,2023,669,16346,4498
490,Stationery,3186,2694,19692,3776
491,Stationery,1784,925,9906,2269
492,Stationery,2747,831,44382,9879
493,Stationery,4202,1363,21121,4458
494,Stationery,2361,1291,70228,15049
495,Stationery,2907,1817,31279,6484
496,Stationery,1566,363,16203,3677
497,Stationery,922,348,65830,13994
498,Stationery,4697,1155,23600,4864
499,Stationery,2349,661,15651,3535
500,Stationery,1147,385,19289,5708
501,Stationery,3937,903,54939,15422
502,Stationery,3034,646,8326,1681
503,Stationery,942,537,27919,5181
504,Stationery,2601,763,44129,11514
505,Stationery,2329,1014,20945,5988
506,Stationery,4951,2278,25583,7174
507,Stationery,2051,1084,9189,2340
508,Stationery,1352,819,13509,3582
509,Stationery,3520,1116,28288,7611
510,Stationery,6285,2129,15223,3800
511,Stationery,2936,574,7634,1584
512,Stationery,7864,2218,52579,11322
513,Stationery,4216,1058,37489,8525
514,Stationery,2507,950,9937,2394
515,Stationery,2864,1947,20423,4267
516,Stationery,2131,734,32942,10479
517,Stationery,1591,381,23309,7869
518,Stationery,3170,1391,18936,5175
519,Stationery,1355,735,30341,9570
520,Stationery,1427,384,43731,10023
521,Stationery,3584,1473,64046,17390
522,Stationery,3177,1437,53432,16931
523,Stationery,1731,973,87750,18933
524,Stationery,5443,954,17895,5546
525,Stationery,1687,299,54469,11318
526,Stationery,2316,1194,23007,4995
527,Stationery,3516,1119,53270,15228
528,Stationery,3554,1689,23536,5338
529,Stationery,1881,678,12215,4019
530,Stationery,4716,1569,17555,4126
531,Stationery,607,181,9165,2200
532,Stationery,1278,598,17481,3575
533,Stationery,4355,1414,34234,9642
534,Stationery,3149,1459,28679,4948
535,Stationery,2514,585,34076,8699
536,Stationery,2779,867,14048,3511
537,Stationery,4309,1624,35536,11192
538,Stationery,2947,1039,21706,6178
539,Stationery,2598,413,16867,5429
540,Stationery,1140,302,32360,9492
541,Stationery,5161,1847,87506,32700
542,Stationery,3604,1531,27953,6488
543,Stationery,2296,405,16794,4456
544,Stationery,2381,521,21966,4420
545,Stationery,2959,940,28723,7657
546,Stationery,4875,1215,19570,4810
547,Stationery,3789,3852,55818,10466
548,Stationery,2364,433,53781,13827
549,Stationery,2546,1068,44442,12721
550,Stationery,1572,897,24833,6900
551,Stationery,1731,461,25408,6263
552,Stationery,1963,893,16664,3927
553,Stationery,3136,664,16231,4067
554,Stationery,2205,347,13019,3638
555,Stationery,964,338,17226,4608
556,Stationery,2320,620,28249,8113
557,Stationery,2395,709,31068,6302
558,Stationery,2542,904,26163,7550
559,Stationery,1001,616,20526,4100
560,Stationery,1460,603,33258,7468
561,Stationery,3447,917,34809,7960
562,Stationery,1348,292,56670,14536
563,Stationery,10577,4784,31458,7571
564,Stationery,1757,765,61900,16315
565,Stationery,3336,519,32187,10293
566,Stationery,2923,953,22231,4701
567,Stationery,2657,979,21066,3901
568,Stationery,967,723,23368,7819
569,Stationery,2454,860,11774,2416
570,Stationery,2533,711,93301,21318
571,Stationery,3577,782,17202,4715
572,Stationery,2414,1006,21581,5326
573,Stationery,3516,781,39675,11982
574,Stationery,1403,981,35369,7436
575,Stationery,2237,514,13588,3599
576,Stationery,1171,769,21115,5267
577,Stationery,1746,623,18596,4312
578,Stationery,784,243,34216,8408
579,Stationery,2185,561,18685,5920
580,Stationery,4446,876,24210,7083
581,Stationery,7378,2152,19000,5915
582,Stationery,1783,490,70052,23377
583,Stationery,1822,375,43160,9095
584,Stationery,1105,355,32372,8503
585,Stationery,2280,717,21084,6517
586,Stationery,957,334,10342,2767
587,Stationery,2964,1012,16184,5350
588,Stationery,1293,319,31225,10098
589,Stationery,3267,2576,15842,4719
590,Stationery,7193,1865,51064,16043
591,Stationery,5549,1691,12495,2681
592,Stationery,1966,572,19651,6024
593,Stationery,7716,5025,28966,9299
594,Stationery,5093,1432,30514,10520
595,Stationery,3354,1241,69621,17646
596,Stationery,7581,1990,46010,17438
597,Stationery,2177,474,28864,4724
598,Stationery,1840,497,26476,8086
599,Stationery,3594,980,21303,6338
600,Stationery,3361,1136,41836,13087
601,Stationery,2088,311,21459,5150
602,Stationery,4123,2299,43303,9532
603,Stationery,2494,957,6529,1625
604,Stationery,4251,959,36919,12191
605,Stationery,6808,1843,18003,3650
606,Stationery,862,604,21977,4977
607,Stationery,3774,510,43315,9548
608,Stationery,872,398,13798,4399
609,Stationery,1196,469,22258,5751
610,Stationery,3915,1944,54526,12296
611,Stationery,502,303,8272,2486
612,Stationery,3027,983,36093,9207
613,Stationery,3511,1365,26472,6554
614,Stationery,2310,961,15528,4440
615,Stationery,2285,870,126804,37308
616,Stationery,2464,954,26784,4973
617,Stationery,4742,2208,32612,8820
618,Stationery,2078,958,55761,15779
619,Stationery,2961,808,26013,10090
620,Stationery,2440,873,14278,3919
621,Stationery,9647,2183,44442,13365
622,Stationery,1704,546,26042,5763
623,Stationery,6126,1983,41043,8420
624,Stationery,2282,566,12278,3460
625,Stationery,1398,1075,18425,4337
626,Stationery,6118,1776,28100,5292
627,Stationery,2957,1006,37717,7996
628,Stationery,2499,1172,21271,3878
629,Stationery,4514,389,31876,7508
630,Stationery,3457,1564,28956,5828
631,Stationery,3917,782,40014,8888
632,Stationery,1084,685,31304,7817
633,Stationery,4442,1538,44694,10776
634,Stationery,476,381,25011,7463
635,Stationery,1922,674,18270,4671
636,Stationery,1069,557,25536,8784
637,Stationery,2199,666,29253,6928
638,Stationery,8994,2506,40766,9679
639,Stationery,931,547,28405,6825
640,PhoneAccessories,1179,235,107603,36191
641,PhoneAccessories,4190,514,84416,28764
642,PhoneAccessories,543,251,24042,8001
643,PhoneAccessories,296,76,67538,22474
644,PhoneAccessories,1510,332,66077,30012
645,PhoneAccessories,125,33,74758,24775
646,PhoneAccessories,685,423,59564,16578
647,PhoneAccessories,306,97,71422,21470
648,PhoneAccessories,602,255,62097,20390
649,PhoneAccessories,723,185,85353,30980
650,PhoneAccessories,223,116,44360,10058
651,PhoneAccessories,2653,848,92056,36144
652,PhoneAccessories,4777,375,42057,14155
653,PhoneAccessories,398,187,65590,22348
654,PhoneAccessories,250,236,127680,50715
655,PhoneAccessories,1489,1456,41709,14493
656,PhoneAccessories,1275,436,30352,13284
657,PhoneAccessories,922,291,40288,12075
658,PhoneAccessories,1266,448,41746,15541
659,PhoneAccessories,592,280,13674,4252
660,PhoneAccessories,1504,348,32412,12891
661,PhoneAccessories,318,156,41442,12461
662,PhoneAccessories,1039,344,64107,24441
663,PhoneAccessories,1626,266,52129,24071
664,PhoneAccessories,1206,474,42255,11507
665,PhoneAccessories,200,101,45540,14691
666,PhoneAccessories,1216,217,87589,24279
667,PhoneAccessories,1115,314,34962,12511
668,PhoneAccessories,855,189,63260,18120
669,PhoneAccessories,372,124,52277,23465
670,PhoneAccessories,1232,424,35630,15364
671,PhoneAccessories,386,201,33772,9671
672,PhoneAccessories,615,311,20601,10715
673,PhoneAccessories,1533,311,82740,31058
674,PhoneAccessories,993,282,30948,11162
675,PhoneAccessories,745,389,14700,4376
676,PhoneAccessories,551,144,52045,18638
677,PhoneAccessories,821,309,101433,41329
678,PhoneAccessories,651,494,53488,17056
679,PhoneAccessories,500,245,34675,9178
680,PhoneAccessories,712,98,76546,29398
681,PhoneAccessories,732,319,29477,6284
682,PhoneAccessories,311,122,18805,6221
683,PhoneAccessories,1580,1131,55759,17420
684,PhoneAccessories,934,479,28230,7014
685,PhoneAccessories,585,246,14368,6331
686,PhoneAccessories,638,193,53885,16562
687,PhoneAccessories,567,176,21529,5780
688,PhoneAccessories,457,227,53531,21121
689,PhoneAccessories,943,486,101285,48042
690,PhoneAccessories,400,171,16894,5223
691,PhoneAccessories,948,299,40609,13610
692,PhoneAccessories,652,229,43717,11701
693,PhoneAccessories,1205,677,28735,11911
694,PhoneAccessories,2083,516,120031,51944
695,PhoneAccessories,1544,406,74157,22139
696,PhoneAccessories,876,377,23849,5993
697,PhoneAccessories,3286,1188,67195,18062
698,PhoneAccessories,2973,667,42259,16558
699,PhoneAccessories,837,566,64379,25581
700,PhoneAccessories,1262,246,25614,8450
701,PhoneAccessories,1485,476,32399,10565
702,PhoneAccessories,174,243,44300,15589
703,PhoneAccessories,309,105,44418,19913
704,PhoneAccessories,588,172,35533,13240
705,PhoneAccessories,712,259,27680,10614
706,PhoneAccessories,1043,584,77715,21522
707,PhoneAccessories,1707,352,169666,59895
708,PhoneAccessories,925,338,58668,24677
709,PhoneAccessories,1577,238,85005,31188
710,PhoneAccessories,717,226,41961,15094
711,PhoneAccessories,1118,250,23591,7532
712,PhoneAccessories,304,118,27892,10959
713,PhoneAccessories,1047,400,71326,29354
714,PhoneAccessories,1318,549,100430,34732
715,PhoneAccessories,1404,664,29041,10022
716,PhoneAccessories,470,332,59935,26184
717,PhoneAccessories,567,125,41447,13250
718,PhoneAccessories,500,215,33129,15425
719,PhoneAccessories,439,284,68460,32855
720,PhoneAccessories,2290,299,76175,40872
721,PhoneAccessories,699,172,81204,23090
722,PhoneAccessories,2242,617,91725,34538
723,PhoneAccessories,2018,785,61418,28865
724,PhoneAccessories,2501,1161,72610,33722
725,PhoneAccessories,288,316,37777,16695
726,PhoneAccessories,426,193,56591,24479
727,PhoneAccessories,1505,344,65408,22278
728,PhoneAccessories,889,157,56548,21336
729,PhoneAccessories,1101,313,43460,13548
730,PhoneAccessories,1110,574,92352,25316
731,PhoneAccessories,3859,1579,53274,17327
732,PhoneAccessories,492,125,7509,2498
733,PhoneAccessories,172,120,19195,6133
734,PhoneAccessories,468,230,32483,12135
735,PhoneAccessories,819,848,35775,15245
736,PhoneAccessories,695,134,145713,40680
737,PhoneAccessories,267,51,59292,18709
738,PhoneAccessories,487,205,24995,8901
739,PhoneAccessories,1666,250,32373,9372
740,PhoneAccessories,641,269,54631,18039
741,PhoneAccessories,655,305,70141,24633
742,PhoneAccessories,2982,408,104397,27011
743,PhoneAccessories,1514,503,38784,13424
744,PhoneAccessories,686,581,54007,15226
745,PhoneAccessories,615,165,69404,23879
746,PhoneAccessories,1140,320,66359,30888
747,PhoneAccessories,3945,1084,59427,26636
748,PhoneAccessories,959,668,74871,34023
749,PhoneAccessories,359,181,84551,26522
750,PhoneAccessories,402,124,33653,11369
751,PhoneAccessories,677,236,91600,31426
752,PhoneAccessories,875,207,22730,8846
753,PhoneAccessories,699,266,88834,33272
754,PhoneAccessories,660,340,85251,31927
755,PhoneAccessories,1235,575,69971,21480
756,PhoneAccessories,921,519,127391,39871
757,PhoneAccessories,4815,857,119730,43274
758,PhoneAccessories,1040,185,39893,14514
759,PhoneAccessories,648,305,20284,8383
760,PhoneAccessories,1312,273,26650,11551
761,PhoneAccessories,474,248,21867,8424
762,PhoneAccessories,447,152,69087,18796
763,PhoneAccessories,331,243,37132,11467
764,PhoneAccessories,1892,364,105960,34153
765,PhoneAccessories,907,126,43904,17771
766,PhoneAccessories,2432,1265,29691,11591
767,PhoneAccessories,1228,655,51552,13243
768,PhoneAccessories,640,433,29571,9540
769,PhoneAccessories,969,627,134874,38468
770,PhoneAccessories,1162,484,160734,52085
771,PhoneAccessories,1327,309,50357,16474
772,PhoneAccessories,1340,360,167432,48802
773,PhoneAccessories,242,162,37172,13937
774,PhoneAccessories,2529,541,65522,30444
775,PhoneAccessories,642,421,38269,12177
776,PhoneAccessories,1078,1045,273980,92509
777,PhoneAccessories,1501,295,25229,7610
778,PhoneAccessories,692,1138,41888,16069
779,PhoneAccessories,727,250,38019,13803
780,PhoneAccessories,8246,1491,109123,40354
781,PhoneAccessories,1058,613,36646,15737
782,PhoneAccessories,1052,151,36801,9339
783,PhoneAccessories,952,496,40710,16468
784,PhoneAccessories,740,227,48208,14570
785,PhoneAccessories,1078,197,54188,20189
786,PhoneAccessories,281,240,27767,10987
787,PhoneAccessories,1201,746,130878,47416
788,PhoneAccessories,1080,160,38284,18656
789,PhoneAccessories,2099,574,48676,17141
790,PhoneAccessories,931,841,26590,11026
791,PhoneAccessories,1117,229,159026,67379
792,PhoneAccessories,309,75,34398,9499
793,PhoneAccessories,983,340,47879,18621
794,PhoneAccessories,1683,373,117167,30525
795,PhoneAccessories,735,384,25243,9903
796,PhoneAccessories,544,290,14418,5696
797,PhoneAccessories,1237,803,29708,16938
798,PhoneAccessories,1113,207,112801,35765
799,PhoneAccessories,1001,192,65011,26445
800,PhoneAccessories,558,385,69050,19884
801,PhoneAccessories,1988,641,29385,9273
802,PhoneAccessories,695,223,34512,11185
803,PhoneAccessories,1487,496,190259,68925
804,PhoneAccessories,1557,475,84430,28601
805,PhoneAccessories,546,215,37728,13312
806,PhoneAccessories,845,194,25058,10228
807,PhoneAccessories,1097,651,235627,72649
808,PhoneAccessories,1191,218,79750,31818
809,PhoneAccessories,678,528,60771,24472
810,PhoneAccessories,2168,729,35750,13059
811,PhoneAccessories,348,182,18452,8333
812,PhoneAccessories,3126,586,57640,23225
813,PhoneAccessories,1158,758,136814,51321
814,PhoneAccessories,477,227,64675,22987
815,PhoneAccessories,934,314,36453,15474
816,PhoneAccessories,369,118,21288,7338
817,PhoneAccessories,1104,734,95078,43794
818,PhoneAccessories,1139,260,55935,16696
819,PhoneAccessories,906,283,38444,13872
820,PhoneAccessories,1008,513,62392,25795
821,PhoneAccessories,642,162,83645,28544
822,PhoneAccessories,449,1084,60246,24973
823,PhoneAccessories,224,161,27802,10398
824,PhoneAccessories,306,174,36414,12257
825,PhoneAccessories,1535,855,47093,17863
826,PhoneAccessories,1002,570,70081,22424
827,PhoneAccessories,1327,577,23499,9701
828,PhoneAccessories,844,326,74783,19652
829,PhoneAccessories,676,165,28864,11461
830,PhoneAccessories,1075,225,18371,8280
831,PhoneAccessories,934,138,47556,13748
832,PhoneAccessories,1341,290,34086,13206
833,PhoneAccessories,360,219,52162,18241
834,PhoneAccessories,1649,293,58321,24292
835,PhoneAccessories,1102,260,142097,51138
836,PhoneAccessories,1692,385,44713,18747
837,PhoneAccessories,2763,910,65205,19381
838,PhoneAccessories,1402,472,52134,18106
839,PhoneAccessories,527,610,43080,16019
840,PhoneAccessories,581,301,83320,25771
841,PhoneAccessories,362,192,80440,29798
842,PhoneAccessories,1973,398,52675,17891
843,PhoneAccessories,988,307,25372,7800
844,PhoneAccessories,1014,887,64174,26833
845,PhoneAccessories,466,164,27300,8558
846,PhoneAccessories,2045,580,48300,17427
847,PhoneAccessories,1552,384,92461,27632
848,PhoneAccessories,475,247,19966,7676
849,PhoneAccessories,1058,572,37231,12988
850,PhoneAccessories,935,212,63285,27274
851,PhoneAccessories,5255,1327,23698,6781
852,PhoneAccessories,1435,320,46502,18786
853,PhoneAccessories,273,246,31243,13572
854,PhoneAccessories,616,489,25463,7005
855,PhoneAccessories,885,605,28343,10835
856,PhoneAccessories,990,273,90611,37212
857,PhoneAccessories,363,291,46617,17644
858,PhoneAccessories,627,211,67624,32470
859,PhoneAccessories,514,185,48370,23759
860,PhoneAccessories,856,525,42530,12908
861,PhoneAccessories,723,131,57565,18936
862,PhoneAccessories,2135,732,71868,26254
863,PhoneAccessories,884,340,86709,29968
864,PhoneAccessories,650,485,90921,33552
865,PhoneAccessories,2692,969,58291,15719
866,PhoneAccessories,663,158,69415,27910
867,PhoneAccessories,2048,1022,189489,62884
868,PhoneAccessories,2309,878,63294,26885
869,PhoneAccessories,998,518,15163,5385
870,PhoneAccessories,442,493,37982,14274
871,PhoneAccessories,557,406,42315,16475
872,PhoneAccessories,1370,499,80373,20688
873,PhoneAccessories,1143,244,37984,12691
874,PhoneAccessories,618,353,58403,12979
875,PhoneAccessories,388,172,123138,53170
876,PhoneAccessories,1307,503,98155,31260
877,PhoneAccessories,1312,208,37765,13442
878,PhoneAccessories,1296,558,23122,7442
879,PhoneAccessories,1371,264,38428,17807
880,PhoneAccessories,224,85,33744,15094
881,PhoneAccessories,771,307,25656,7415
882,PhoneAccessories,296,112,57059,24979
883,PhoneAccessories,1678,637,62783,24283
884,PhoneAccessories,558,131,18075,5607
885,PhoneAccessories,732,665,169056,60798
886,PhoneAccessories,615,233,34185,10874
887,PhoneAccessories,1283,483,64645,23011
888,PhoneAccessories,1703,332,42064,11978
889,PhoneAccessories,3487,1008,52495,20783
890,PhoneAccessories,870,482,95593,36871
891,PhoneAccessories,1422,457,156080,57869
892,PhoneAccessories,2147,803,70422,18313
893,PhoneAccessories,683,220,75817,29687
894,PhoneAccessories,183,319,24758,8616
895,PhoneAccessories,262,445,47453,20152
896,PhoneAccessories,1697,195,67990,22322
897,PhoneAccessories,331,255,63628,24614
898,PhoneAccessories,1207,566,49633,21098
899,PhoneAccessories,428,235,52174,22038
900,PhoneAccessories,1965,359,206501,61459
901,PhoneAccessories,2395,481,32050,12039
902,PhoneAccessories,461,180,68973,21372
903,PhoneAccessories,1020,393,38328,11864
904,PhoneAccessories,2148,536,152703,46286
905,PhoneAccessories,976,488,50648,13016
906,PhoneAccessories,1695,879,103508,36597
907,PhoneAccessories,973,313,40072,15562
908,PhoneAccessories,678,222,21079,9082
909,PhoneAccessories,281,293,73384,26949
910,PhoneAccessories,831,197,87996,29789
911,PhoneAccessories,533,348,39906,14142
912,PhoneAccessories,5600,2009,37786,12873
913,PhoneAccessories,405,69,132719,50690
914,PhoneAccessories,1520,601,27845,9987
915,PhoneAccessories,785,556,20697,7111
916,PhoneAccessories,397,269,63815,25264
917,PhoneAccessories,367,186,44890,15294
918,PhoneAccessories,901,745,71308,17212
919,PhoneAccessories,620,176,62745,22675
920,PhoneAccessories,705,482,19265,8212
921,PhoneAccessories,1050,463,33535,13038
922,PhoneAccessories,288,194,36874,11790
923,PhoneAccessories,999,495,79466,34556
924,PhoneAccessories,1440,507,85154,26743
925,PhoneAccessories,812,312,68326,33519
926,PhoneAccessories,2253,358,29991,9382
927,PhoneAccessories,371,165,11842,4571
928,PhoneAccessories,1357,291,38417,13515
929,PhoneAccessories,266,292,28208,7608
930,PhoneAccessories,1167,304,69043,21005
931,PhoneAccessories,677,200,29899,9203
932,PhoneAccessories,1158,520,132892,42241
933,PhoneAccessories,324,59,73715,37457
934,PhoneAccessories,1101,338,40080,15832
935,PhoneAccessories,520,166,10309,3085
936,PhoneAccessories,957,495,14887,7583
937,PhoneAccessories,692,288,42767,10974
938,PhoneAccessories,404,258,37140,16878
939,PhoneAccessories,1319,334,114957,47587
940,PhoneAccessories,2837,1301,24002,10484
941,PhoneAccessories,1076,540,29320,10738
942,PhoneAccessories,1241,240,56233,15883
943,PhoneAccessories,988,577,33565,11193
944,PhoneAccessories,639,138,83075,33152
945,PhoneAccessories,668,213,50144,23597
946,PhoneAccessories,1018,241,35386,11760
947,PhoneAccessories,1575,576,63816,23821
948,PhoneAccessories,1106,566,33032,8821
949,PhoneAccessories,1718,949,17721,6057
950,PhoneAccessories,3166,261,173644,68261
951,PhoneAccessories,437,202,35414,11627
952,PhoneAccessories,386,225,30434,11478
953,PhoneAccessories,396,279,21078,7668
954,PhoneAccessories,701,289,39400,12236
955,PhoneAccessories,366,121,56472,20718
956,PhoneAccessories,483,326,36388,14283
957,PhoneAccessories,1070,538,51569,18404
958,PhoneAccessories,1080,488,52914,22362
959,PhoneAccessories,1722,554,27204,9148
960,PhoneAccessories,2747,922,57190,20675
961,PhoneAccessories,378,273,33245,12522
962,PhoneAccessories,2190,355,66635,21536
963,PhoneAccessories,1621,868,40586,16526
964,PhoneAccessories,445,112,31765,8516
965,PhoneAccessories,653,254,40392,14592
966,PhoneAccessories,456,177,101761,37352
967,PhoneAccessories,5966,1376,119875,39715
968,PhoneAccessories,1339,587,29420,13568
969,PhoneAccessories,615,232,31468,10907
970,PhoneAccessories,440,551,70876,24263
971,PhoneAccessories,638,273,8791,3467
972,PhoneAccessories,937,327,26010,6619
973,PhoneAccessories,748,242,157679,56553
974,PhoneAccessories,1050,398,43568,13162
975,PhoneAccessories,1126,687,71470,28126
976,PhoneAccessories,200,45,82410,34437
977,PhoneAccessories,1972,415,36349,14301
978,PhoneAccessories,883,213,40573,16737
979,PhoneAccessories,708,434,31843,11955
980,PhoneAccessories,763,262,54866,20306
981,PhoneAccessories,1351,355,274013,109074
982,PhoneAccessories,366,114,89547,27039
983,PhoneAccessories,1129,486,35655,14101
984,PhoneAccessories,1673,240,23989,6764
985,PhoneAccessories,840,125,8944,3562
986,PhoneAccessories,1091,193,57392,16919
987,PhoneAccessories,392,96,37040,11842
988,PhoneAccessories,386,153,60668,24142
989,PhoneAccessories,373,193,34944,13641
990,PhoneAccessories,1195,384,87878,21250
991,PhoneAccessories,1242,576,44918,16727
992,PhoneAccessories,989,912,60119,19719
993,PhoneAccessories,1903,340,44961,19273
994,PhoneAccessories,1187,222,36372,12940
995,PhoneAccessories,432,116,88747,29361
996,PhoneAccessories,666,214,69454,27763
997,PhoneAccessories,363,84,66386,23276
998,PhoneAccessories,488,168,38123,14248
999,PhoneAccessories,1237,275,19613,7294
1000,PhoneAccessories,502,272,45408,15161
1001,PhoneAccessories,546,199,49923,13138
1002,PhoneAccessories,331,169,86353,37444
1003,PhoneAccessories,372,85,37906,15596
1004,PhoneAccessories,1380,813,22841,6061
1005,PhoneAccessories,590,253,37721,11785
1006,PhoneAccessories,671,269,65209,29796
1007,PhoneAccessories,449,262,37390,12080
1008,PhoneAccessories,1236,796,90424,23841
1009,PhoneAccessories,1494,690,39172,20033
1010,PhoneAccessories,1263,358,94494,40472
1011,PhoneAccessories,515,279,28263,11066
1012,PhoneAccessories,391,350,24600,7885
1013,PhoneAccessories,430,200,35282,10472
1014,PhoneAccessories,713,143,99555,29554
1015,PhoneAccessories,1339,456,61687,22624
1016,PhoneAccessories,744,212,25851,8979
1017,PhoneAccessories,864,283,20156,6537
1018,PhoneAccessories,437,255,38824,9604
1019,PhoneAccessories,2203,939,84238,28905
1020,PhoneAccessories,281,62,40613,14859
1021,PhoneAccessories,1621,349,170210,65871
1022,PhoneAccessories,511,155,16326,5765
1023,PhoneAccessories,819,369,159825,44068
1024,PhoneAccessories,368,358,63431,24728
1025,PhoneAccessories,1164,345,68962,34418
1026,PhoneAccessories,785,171,58204,25478
1027,PhoneAccessories,368,266,41488,18836
1028,PhoneAccessories,2681,508,131410,40425
1029,PhoneAccessories,610,352,19732,6750
1030,PhoneAccessories,207,78,31211,11716
1031,PhoneAccessories,2121,594,47041,17625
1032,PhoneAccessories,501,121,30322,9915
1033,PhoneAccessories,814,200,62834,24473
1034,PhoneAccessories,425,163,140277,50769
1035,PhoneAccessories,284,149,41113,19297
1036,PhoneAccessories,1562,585,46998,15425
1037,PhoneAccessories,661,80,22423,9324
1038,PhoneAccessories,755,306,33745,12336
1039,PhoneAccessories,935,251,23050,8275
1040,PhoneAccessories,561,246,71055,19754
1041,PhoneAccessories,1608,651,36298,18420
1042,PhoneAccessories,549,236,50664,16541
1043,PhoneAccessories,2133,448,179642,76529
1044,PhoneAccessories,843,677,158551,64218
1045,PhoneAccessories,792,152,50974,20763
1046,PhoneAccessories,583,591,53632,17710
1047,PhoneAccessories,811,214,98142,40430
1048,PhoneAccessories,1081,254,77826,32883
1049,PhoneAccessories,608,145,40486,12914
1050,PhoneAccessories,765,275,47094,10949
1051,PhoneAccessories,340,222,121504,44804
1052,PhoneAccessories,529,118,31057,9822
1053,PhoneAccessories,3667,1293,74662,20033
1054,PhoneAccessories,4802,1394,58653,17555
1055,PhoneAccessories,862,334,48413,18989
1056,PhoneAccessories,250,125,80519,28348
1057,PhoneAccessories,428,299,123843,34280
1058,PhoneAccessories,1929,432,33059,11141
1059,PhoneAccessories,372,194,18874,7075
1060,PhoneAccessories,1428,362,177284,77260
1061,PhoneAccessories,1197,844,46834,15710
1062,PhoneAccessories,1653,363,24641,8284
1063,PhoneAccessories,170,100,47792,17282
1064,PhoneAccessories,1567,1241,53669,21770
1065,PhoneAccessories,786,192,102994,42431
1066,PhoneAccessories,1393,504,107413,28982
1067,PhoneAccessories,1017,308,29560,11478
1068,PhoneAccessories,1522,495,39710,16997
1069,PhoneAccessories,1441,374,78875,35453
1070,PhoneAccessories,2647,543,48387,18430
1071,PhoneAccessories,902,447,24400,9270
1072,PhoneAccessories,417,150,65678,20314
1073,PhoneAccessories,2052,809,118347,55229
1074,PhoneAccessories,456,285,47162,12689
1075,PhoneAccessories,1044,246,23086,9918
1076,PhoneAccessories,1068,678,33445,16372
1077,PhoneAccessories,430,270,19786,5280
1078,PhoneAccessories,1528,1299,80316,40817
1079,PhoneAccessories,1878,793,48375,17567
1080,PhoneAccessories,423,177,40109,11944
1081,PhoneAccessories,1697,204,124130,44066
1082,PhoneAccessories,665,202,40848,12613
1083,PhoneAccessories,831,218,155587,50041
1084,PhoneAccessories,991,579,126932,40106
1085,PhoneAccessories,294,168,26480,9711
1086,PhoneAccessories,2103,240,41649,11886
1087,PhoneAccessories,1123,269,36740,15526
1088,PhoneAccessories,465,532,23125,7277
1089,PhoneAccessories,614,91,73277,24322
1090,PhoneAccessories,1535,883,51902,16212
1091,PhoneAccessories,488,388,76520,29103
1092,PhoneAccessories,1684,386,35225,18859
1093,PhoneAccessories,727,267,292521,120421
1094,PhoneAccessories,307,88,25839,9718
1095,PhoneAccessories,1598,445,118551,40549
1096,PhoneAccessories,1821,1370,39701,14724
1097,PhoneAccessories,342,120,71886,21307
1098,PhoneAccessories,1774,704,39890,14980
1099,PhoneAccessories,994,230,16154,5520
1100,PhoneAccessories,1012,439,317209,113369
1101,PhoneAccessories,2139,507,32354,13293
1102,PhoneAccessories,1636,778,26224,6970
1103,PhoneAccessories,1370,541,79633,26677
1104,PhoneAccessories,2604,405,77009,32884
1105,PhoneAccessories,261,347,23684,7850
1106,PhoneAccessories,932,538,76019,29313
1107,PhoneAccessories,2462,1532,127384,64307
1108,PhoneAccessories,3362,1394,46346,13994
1109,PhoneAccessories,794,192,61633,20686
1110,PhoneAccessories,226,74,43811,19971
1111,PhoneAccessories,1205,143,308061,98304
1112,PhoneAccessories,312,263,18572,7142
1113,PhoneAccessories,2554,1197,82311,31116
1114,PhoneAccessories,671,420,38792,11043
1115,PhoneAccessories,495,358,26440,10772
1116,PhoneAccessories,552,290,88426,26424
1117,PhoneAccessories,1199,190,87057,34928
1118,PhoneAccessories,423,117,31625,13740
1119,PhoneAccessories,956,683,55335,37743
1120,PhoneAccessories,669,184,92360,29311
1121,PhoneAccessories,417,320,26407,7853
1122,PhoneAccessories,269,136,38051,10978
1123,PhoneAccessories,595,208,17607,6132
1124,PhoneAccessories,1161,650,66692,27381
1125,PhoneAccessories,1189,227,90111,26333
1126,PhoneAccessories,2868,963,160079,48941
1127,PhoneAccessories,956,245,105206,38808
1128,PhoneAccessories,1608,726,93096,28718
1129,PhoneAccessories,1856,283,52399,21269
1130,PhoneAccessories,252,112,46780,19677
1131,PhoneAccessories,619,369,63715,15707
1132,PhoneAccessories,482,227,46433,12300
1133,PhoneAccessories,765,437,80795,26455
1134,PhoneAccessories,987,317,39359,15618
1135,PhoneAccessories,682,328,63684,18851
1136,PhoneAccessories,2313,621,255021,86090
1137,PhoneAccessories,752,584,38331,16804
1138,PhoneAccessories,575,268,51993,21143
1139,PhoneAccessories,312,207,66685,23916
1140,PhoneAccessories,1660,473,50595,17076
1141,PhoneAccessories,5171,1312,115041,35309
1142,PhoneAccessories,189,95,32775,6902
1143,PhoneAccessories,708,446,23662,9567
1144,PhoneAccessories,2770,277,62370,24393
1145,PhoneAccessories,939,205,47650,16790
1146,PhoneAccessories,826,522,52910,11935
1147,PhoneAccessories,963,804,99847,23568
1148,PhoneAccessories,378,110,32184,10018
1149,PhoneAccessories,407,218,32195,12271
1150,PhoneAccessories,1173,413,30690,7755
1151,PhoneAccessories,1872,1367,39615,11290
1152,PhoneAccessories,380,185,61515,18002
1153,PhoneAccessories,928,446,17772,9126
1154,PhoneAccessories,620,237,102615,31013
1155,PhoneAccessories,4015,1239,265740,76493
1156,PhoneAccessories,214,185,29421,10239
1157,PhoneAccessories,1287,383,121650,55718
1158,PhoneAccessories,1198,333,43350,14949
1159,PhoneAccessories,1076,653,82718,23877
1160,PhoneAccessories,729,402,44232,14022
1161,PhoneAccessories,628,145,79310,31393
1162,PhoneAccessories,704,307,80863,30735
1163,PhoneAccessories,677,307,62183,18692
1164,PhoneAccessories,746,135,85271,33137
1165,PhoneAccessories,670,360,31012,9189
1166,PhoneAccessories,1082,475,68443,28934
1167,PhoneAccessories,1043,171,74858,18295
1168,PhoneAccessories,340,335,52114,15931
1169,PhoneAccessories,1474,424,20113,6384
1170,PhoneAccessories,2667,784,54758,22208
1171,PhoneAccessories,1540,618,37922,11050
1172,PhoneAccessories,742,170,66113,20223
1173,PhoneAccessories,311,303,25062,8004
1174,PhoneAccessories,319,331,72411,24175
1175,PhoneAccessories,1150,407,43997,14876
1176,PhoneAccessories,1056,318,91723,33290
1177,PhoneAccessories,260,92,68558,24604
1178,PhoneAccessories,470,349,37907,15282
1179,PhoneAccessories,328,168,80944,25513
1180,PhoneAccessories,1437,224,25352,7231
1181,PhoneAccessories,1954,717,39094,16502
1182,PhoneAccessories,873,216,38590,16688
1183,PhoneAccessories,863,449,159890,62849
1184,PhoneAccessories,820,366,32580,12914
1185,PhoneAccessories,1445,628,77175,27277
1186,PhoneAccessories,366,171,29043,8885
1187,PhoneAccessories,198,94,89813,28725
1188,PhoneAccessories,638,313,27246,8912
1189,PhoneAccessories,599,336,37800,10893
1190,PhoneAccessories,1040,152,100963,32310
1191,PhoneAccessories,906,226,103016,37644
1192,PhoneAccessories,812,210,12567,4353
1193,PhoneAccessories,1305,246,29289,11619
1194,PhoneAccessories,637,161,29688,9744
1195,PhoneAccessories,1638,213,59530,21389
1196,PhoneAccessories,559,170,31389,7376
1197,PhoneAccessories,627,313,41638,11276
1198,PhoneAccessories,945,249,35818,9608
1199,PhoneAccessories,373,348,33611,10345
1200,PhoneAccessories,293,228,27090,11284
1201,PhoneAccessories,589,153,61728,23464
1202,PhoneAccessories,1916,467,89883,29301
1203,PhoneAccessories,912,852,39051,10647
1204,PhoneAccessories,295,189,54545,19199
1205,PhoneAccessories,564,176,484238,177398
1206,PhoneAccessories,191,43,57676,25992
1207,PhoneAccessories,1784,955,161314,53417
1208,PhoneAccessories,841,250,19393,7790
1209,PhoneAccessories,868,298,64923,22628
1210,PhoneAccessories,461,108,18234,7492
1211,PhoneAccessories,7963,1851,50829,15828
1212,PhoneAccessories,1763,998,64921,24430
1213,PhoneAccessories,3984,1217,34035,13524
1214,PhoneAccessories,1787,334,37450,12582
1215,PhoneAccessories,584,244,42575,14425
1216,PhoneAccessories,514,195,126721,34243
1217,PhoneAccessories,1427,299,107624,45410
1218,PhoneAccessories,1269,613,95752,33599
1219,PhoneAccessories,462,162,49641,16855
1220,PhoneAccessories,1876,644,92248,41271
1221,PhoneAccessories,443,255,54220,15020
1222,PhoneAccessories,723,538,111564,30664
1223,PhoneAccessories,2033,962,89297,37257
1224,PhoneAccessories,534,403,46646,21662
1225,PhoneAccessories,694,377,54049,14992
1226,PhoneAccessories,1437,449,91470,30052
1227,PhoneAccessories,1240,223,62208,21088
1228,PhoneAccessories,384,291,43023,14590
1229,PhoneAccessories,1535,447,90185,26398
1230,PhoneAccessories,950,1265,42189,15508
1231,PhoneAccessories,563,235,24963,12208
1232,PhoneAccessories,434,400,31551,9997
1233,PhoneAccessories,617,423,85608,27123
1234,PhoneAccessories,744,193,34924,12816
1235,PhoneAccessories,1764,965,44349,16966
1236,PhoneAccessories,381,86,45516,20127
1237,PhoneAccessories,719,260,22782,9734
1238,PhoneAccessories,931,381,48216,16018
1239,PhoneAccessories,791,162,41632,18652
1240,PhoneAccessories,237,103,38028,13887
1241,PhoneAccessories,450,250,45914,19028
1242,PhoneAccessories,1432,645,89660,42631
1243,PhoneAccessories,851,415,23401,8553
1244,PhoneAccessories,564,138,62102,17391
1245,PhoneAccessories,436,88,52484,13596
1246,PhoneAccessories,2095,479,97171,39570
1247,PhoneAccessories,574,223,63325,19218
1248,PhoneAccessories,1092,546,106261,40686
1249,PhoneAccessories,1442,340,80554,27681
1250,PhoneAccessories,2233,1638,152536,66860
1251,PhoneAccessories,1519,408,58757,22493
1252,PhoneAccessories,791,495,37935,12207
1253,PhoneAccessories,1540,422,37793,19654
1254,PhoneAccessories,393,186,55750,22228
1255,PhoneAccessories,1406,453,71274,23910
1256,PhoneAccessories,553,292,100738,23954
1257,PhoneAccessories,1888,1482,26716,7454
1258,PhoneAccessories,1226,698,21246,7468
1259,PhoneAccessories,2461,841,58737,17531
1260,PhoneAccessories,2034,2051,53604,14579
1261,PhoneAccessories,955,297,47774,15310
1262,PhoneAccessories,1750,310,129827,39120
1263,PhoneAccessories,1334,281,95826,41663
1264,PhoneAccessories,2613,601,72755,21730
1265,PhoneAccessories,745,226,18643,5855
1266,PhoneAccessories,1416,559,93196,35389
1267,PhoneAccessories,602,289,28370,7558
1268,PhoneAccessories,496,213,77875,28029
1269,PhoneAccessories,839,190,87933,28654
1270,PhoneAccessories,1377,611,150448,51601
1271,PhoneAccessories,1979,617,53125,20837
1272,PhoneAccessories,287,149,143373,43982
1273,PhoneAccessories,353,277,36615,11690
1274,PhoneAccessories,428,189,38074,10472
1275,PhoneAccessories,779,342,28899,9876
1276,PhoneAccessories,968,189,61596,32382
1277,PhoneAccessories,860,291,91724,28799
1278,PhoneAccessories,1442,444,26898,10822
1279,PhoneAccessories,1538,545,30869,11443
1280,PhoneAccessories,969,243,47797,14206
1281,PhoneAccessories,1106,578,141392,52813
1282,PhoneAccessories,405,320,57511,25657
1283,PhoneAccessories,456,262,79406,24563
1284,PhoneAccessories,1531,970,72528,26839
1285,PhoneAccessories,689,238,35094,12380
1286,PhoneAccessories,764,897,94388,31306
1287,PhoneAccessories,2783,694,48477,14558
1288,PhoneAccessories,845,363,212259,54537
1289,PhoneAccessories,803,199,51697,18583
1290,PhoneAccessories,1179,460,46121,18133
1291,PhoneAccessories,489,149,18973,7361
1292,PhoneAccessories,632,304,68794,33379
1293,PhoneAccessories,558,235,60254,18194
1294,PhoneAccessories,1238,537,104870,32147
1295,PhoneAccessories,1000,553,23370,7679
1296,PhoneAccessories,972,285,106422,38469
1297,PhoneAccessories,623,186,106274,34634
1298,PhoneAccessories,1450,418,124287,43083
1299,PhoneAccessories,1508,486,66741,21137
1300,PhoneAccessories,1044,412,75009,23283
1301,PhoneAccessories,1444,447,49981,16080
1302,PhoneAccessories,521,213,43839,13467
1303,PhoneAccessories,842,286,59598,19910
1304,PhoneAccessories,1163,279,23804,7642
1305,PhoneAccessories,339,117,28459,14085
1306,PhoneAccessories,927,367,22369,6064
1307,PhoneAccessories,356,257,68077,19158
1308,PhoneAccessories,330,139,22209,5763
1309,PhoneAccessories,752,290,29630,12440
1310,PhoneAccessories,723,168,82475,31925
1311,PhoneAccessories,631,225,34004,15916
1312,PhoneAccessories,635,85,31792,10383
1313,PhoneAccessories,310,183,34388,11257
1314,PhoneAccessories,2835,1311,51690,14588
1315,PhoneAccessories,956,307,50978,18191
1316,PhoneAccessories,1103,154,45078,14226
1317,PhoneAccessories,1547,355,89908,36656
1318,PhoneAccessories,588,181,129827,55000
1319,PhoneAccessories,1017,436,89687,41510
1320,PhoneAccessories,581,482,35278,11555
1321,PhoneAccessories,257,115,41288,15105
1322,PhoneAccessories,1270,452,31505,12271
1323,PhoneAccessories,976,383,74844,29459
1324,PhoneAccessories,503,495,66864,29989
1325,PhoneAccessories,2004,1132,47641,20410
1326,PhoneAccessories,352,93,90172,43293
1327,PhoneAccessories,1559,407,52460,18170
1328,PhoneAccessories,1920,294,62831,16598
1329,PhoneAccessories,607,177,41238,18399
1330,PhoneAccessories,178,36,36535,15259
1331,PhoneAccessories,1217,444,34795,11096
1332,PhoneAccessories,716,237,83559,30376
1333,PhoneAccessories,817,634,31272,11672
1334,PhoneAccessories,639,330,6045,1809
1335,PhoneAccessories,849,195,30676,10321
1336,PhoneAccessories,1013,472,39275,17314
1337,PhoneAccessories,638,234,19643,4784
1338,PhoneAccessories,337,86,77363,21035
1339,PhoneAccessories,799,433,33375,13490
1340,Laptops,8000,2135,2650651,158056
1341,Laptops,5562,2056,2399150,120777
1342,Laptops,12647,2117,5028738,235703
1343,Laptops,19880,4961,2250568,89631
1344,Laptops,5058,1108,2535436,113173
1345,Laptops,3295,1186,2493908,108467
1346,Laptops,11241,3221,2670914,113163
1347,Laptops,9769,2372,4501864,216244
1348,Laptops,2017,614,1715595,86075
1349,Laptops,9724,2370,2457364,107812
1350,Laptops,7775,1622,1724418,78573
1351,Laptops,6472,1959,2486061,108623
1352,Laptops,14395,3167,2930907,145784
1353,Laptops,9694,2134,3508895,187584
1354,Laptops,9438,2008,2296411,111580
1355,Laptops,4997,1853,3380394,257684
1356,Laptops,9957,2181,2448751,170317
1357,Laptops,4580,1052,1615484,49343
1358,Laptops,7358,2158,3343979,237223
1359,Laptops,4158,1070,2146298,77855
1360,Laptops,5021,1747,1096182,61192
1361,Laptops,5821,1465,2750859,131904
1362,Laptops,3591,1137,2058023,118736
1363,Laptops,14795,2735,2665852,110359
1364,Laptops,5162,1875,1736583,67454
1365,Laptops,6154,1545,1186473,48255
1366,Laptops,5391,1570,2739087,127935
1367,Laptops,5928,1807,1494849,69530
1368,Laptops,3676,1188,1759193,132965
1369,Laptops,3302,1628,1747379,122648
1370,Laptops,5347,1524,2484252,127559
1371,Laptops,4568,2133,4544381,173818
1372,Laptops,3606,992,1993142,109357
1373,Laptops,6455,1657,2837923,143800
1374,Laptops,9853,2412,4432156,178469
1375,Laptops,6791,1603,2694047,127188
1376,Laptops,8152,2145,1416427,70711
1377,Laptops,4512,1393,2532273,132774
1378,Laptops,8359,1709,2080265,79911
1379,Laptops,7802,2013,3268009,184639
1380,Laptops,8938,3536,1388768,91306
1381,Laptops,8545,3397,2276308,153807
1382,Laptops,5132,1594,1058869,39515
1383,Laptops,2556,1122,1420037,65753
1384,Laptops,6766,2075,2567310,153774
1385,Laptops,9841,1995,1576170,81855
1386,Laptops,4135,1623,2598138,142017
1387,Laptops,5683,3045,2097986,104624
1388,Laptops,5645,2014,2378204,110852
1389,Laptops,3205,1098,2100238,97168
1390,Laptops,4167,800,3720695,225679
1391,Laptops,8027,3545,1278371,60947
1392,Laptops,6029,1483,1956926,86971
1393,Laptops,3309,1174,1668835,77307
1394,Laptops,7500,2125,1167147,75082
1395,Laptops,4537,1397,1820308,81866
1396,Laptops,8780,3804,2051219,99965
1397,Laptops,7563,1648,1451420,57112
1398,Laptops,4193,1157,1400768,53517
1399,Laptops,3920,1424,2213824,164486
1400,Laptops,3711,1228,3397294,149270
1401,Laptops,7828,2432,2288066,112235
1402,Laptops,2003,1002,1430636,70107
1403,Laptops,7500,2160,1336240,48311
1404,Laptops,9610,2536,2049285,115288
1405,Laptops,7838,1938,2211249,141373
1406,Laptops,5864,1050,1844475,104661
1407,Laptops,5690,1546,1868967,116692
1408,Laptops,8754,2230,2512509,150751
1409,Laptops,2942,1303,1632283,89243
1410,Laptops,9682,1921,1553789,85329
1411,Laptops,4005,1491,1470206,107391
1412,Laptops,4318,1183,2785697,133878
1413,Laptops,5286,1930,1973758,117435
1414,Laptops,11236,2899,1540069,77990
1415,Laptops,8717,1702,1026379,38250
1416,Laptops,4615,1563,1655551,83369
1417,Laptops,7401,2281,2858273,127201
1418,Laptops,6886,1622,1825521,86980
1419,Laptops,4364,2491,3780785,202538
1420,Laptops,7894,1850,2715148,122189
1421,Laptops,4222,1537,1478101,83096
1422,Laptops,2992,1070,1299282,71901
1423,Laptops,4438,2111,2724670,146407
1424,Laptops,7435,2078,3149950,158876
1425,Laptops,5728,1473,1569839,85783
1426,Laptops,2472,471,2536838,114187
1427,Laptops,4396,1675,2903519,139936
1428,Laptops,5956,2263,2529154,112660
1429,Laptops,5743,1644,1878842,131992
1430,Laptops,5229,1154,2430032,112402
1431,Laptops,8501,2010,1417645,62543
1432,Laptops,10324,2121,2144345,108490
1433,Laptops,3750,1106,2290964,157742
1434,Laptops,3060,961,2595680,110161
1435,Laptops,5923,2043,2304483,114908
1436,Laptops,12115,3132,3265631,153428
1437,Laptops,7802,1870,1690185,99734
1438,Laptops,4599,1313,3086221,113202
1439,Laptops,4478,1550,2537427,151856
1440,Laptops,7950,2569,1530438,60798
1441,Laptops,4943,1113,2034061,131552
1442,Laptops,3568,1277,1711268,82105
1443,Laptops,5547,1604,2169625,111946
1444,Laptops,4620,1750,2248687,142104
1445,Laptops,7288,1398,2824453,154723
1446,Laptops,4874,1533,2870071,113039
1447,Laptops,9841,2634,2951788,146778
1448,Laptops,7057,1706,1519364,83275
1449,Laptops,7106,1861,2617518,164133
1450,Laptops,9522,1343,4563677,216343
1451,Laptops,5186,2382,2929967,156529
1452,Laptops,2853,1172,2317494,122207
1453,Laptops,2855,945,1299784,67479
1454,Laptops,9225,2253,1952923,69919
1455,Laptops,6255,1585,2486859,145800
1456,Laptops,6522,2535,1679337,73470
1457,Laptops,4299,1340,2520501,106068
1458,Laptops,3877,1586,1875031,82731
1459,Laptops,5330,1401,1769319,99307
1460,Laptops,6922,1675,1151550,75470
1461,Laptops,9140,1997,1615988,76865
1462,Laptops,3982,1160,1576438,76252
1463,Laptops,8552,1650,1326714,62640
1464,Laptops,3892,1175,2322168,99892
1465,Laptops,6427,1726,4091384,178448
1466,Laptops,7693,2170,2018556,107641
1467,Laptops,18268,3873,4051099,165877
1468,Laptops,8724,2190,1962038,88659
1469,Laptops,5440,3107,3028517,123760
1470,Laptops,6952,2305,1955292,110253
1471,Laptops,5085,1128,1270340,64759
1472,Laptops,4916,1954,1875532,107787
1473,Laptops,3062,1564,2497331,138592
1474,Laptops,5362,1298,2339153,118907
1475,Laptops,5485,1062,3632719,196939
1476,Laptops,6963,2061,2112453,99913
1477,Laptops,9087,2065,3910814,216846
1478,Laptops,4683,1313,2474054,129077
1479,Laptops,7003,1477,973648,70160
1480,Laptops,10108,3057,1637773,68754
1481,Laptops,6127,1699,1848653,88912
1482,Laptops,4232,944,2438933,111717
1483,Laptops,2938,1005,1227280,77927
1484,Laptops,5501,1600,1454695,70105
1485,Laptops,4008,2151,1101194,49886
1486,Laptops,11166,2731,2635187,110848
1487,Laptops,6181,1461,1579135,70163
1488,Laptops,7583,1653,2210080,113548
1489,Laptops,3794,1647,3847562,116550
1490,Laptops,3905,1508,3679404,170850
1491,Laptops,9137,2303,3236028,197387
1492,Laptops,4822,1330,1012542,51367
1493,Laptops,5897,1567,2214291,125146
1494,Laptops,5388,1345,2503910,131336
1495,Laptops,9622,2340,1558805,77024
1496,Laptops,3505,1224,2548110,178378
1497,Laptops,6243,1814,1233249,65564
1498,Laptops,9357,2672,3617942,179517
1499,Laptops,4941,1376,1755769,120544
1500,Laptops,6991,2466,1891284,119267
1501,Laptops,5369,1635,2121117,78416
1502,Laptops,8730,2519,3037192,137510
1503,Laptops,12510,5615,1745599,117121
1504,Laptops,6436,1317,4062771,152894
1505,Laptops,4796,2321,1885501,118731
1506,Laptops,6015,1938,2700820,123987
1507,Laptops,5806,1665,1334809,59319
1508,Laptops,7411,1730,1735953,77650
1509,Laptops,8623,1746,2549280,96242
1510,Laptops,5556,1915,1930269,112119
1511,Laptops,8345,1374,2318025,127677
1512,Laptops,8370,2217,1334796,64266
1513,Laptops,2906,934,945911,55650
1514,Laptops,3262,1226,2531457,148544
1515,Laptops,5588,1682,1817885,106270
1516,Laptops,11142,3232,2932761,156802
1517,Laptops,6807,1788,1316660,74730
1518,Laptops,10477,3936,3055311,160374
1519,Laptops,11648,2861,2728360,140152
1520,Laptops,4263,1281,2505717,138370
1521,Laptops,10210,3891,5740851,243814
1522,Laptops,8899,2275,3894865,166759
1523,Laptops,4355,1491,1923595,92507
1524,Laptops,4699,1296,1989919,80476
1525,Laptops,4990,1562,2124405,99119
1526,Laptops,4654,1447,2523522,112183
1527,Laptops,5953,1455,1889494,118269
1528,Laptops,7154,1728,1610051,83197
1529,Laptops,5663,1719,2053234,113720
1530,Laptops,5738,2443,3407899,148411
1531,Laptops,7373,1866,1758673,64653
1532,Laptops,4150,1200,3099040,203484
1533,Laptops,3411,731,3507709,238370
1534,Laptops,5658,1312,3675296,174907
1535,Laptops,8009,1770,2667780,127831
1536,Laptops,8290,2539,2485661,129433
1537,Laptops,4609,923,2615778,115623
1538,Laptops,10882,2159,1564272,72128
1539,Laptops,5801,1403,1569090,83703
1540,Laptops,6019,1504,2042826,89757
1541,Laptops,4733,1527,2790900,133281
1542,Laptops,5969,2190,2185967,106620
1543,Laptops,8322,2520,2765943,142584
1544,Laptops,7273,1227,2966348,157777
1545,Laptops,6948,1786,2243960,121528
1546,Laptops,8164,1358,1911069,88955
1547,Laptops,7022,783,1858305,119131
1548,Laptops,5224,1475,4012898,194212
1549,Laptops,6805,2315,1748404,89443
1550,Laptops,6607,1562,2197865,125424
1551,Laptops,10947,3953,3745451,220837
1552,Laptops,4563,1663,2674313,144184
1553,Laptops,5481,2124,1205016,73507
1554,Laptops,7307,1599,2961088,185292
1555,Laptops,7067,1205,1920993,98818
1556,Laptops,6623,2043,2203514,104421
1557,Laptops,4907,1390,2098607,77258
1558,Laptops,8139,1749,4846766,266853
1559,Laptops,10859,2446,2079744,100165
1560,Laptops,5134,1961,3807461,204161
1561,Laptops,7132,3074,2273439,95508
1562,Laptops,4641,1035,3032022,148859
1563,Laptops,12766,2725,1873604,86964
1564,Laptops,8529,1609,1686625,81920
1565,Laptops,3926,992,2150847,104433
1566,Laptops,2985,1077,1981272,101875
1567,Laptops,4189,734,2498608,115812
1568,Laptops,6200,1768,1646660,77212
1569,Laptops,4499,1338,1700031,104007
1570,Laptops,6205,2266,2701992,159553
1571,Laptops,5318,2267,4263567,189998
1572,Laptops,5979,1656,1421383,79555
1573,Laptops,9765,3026,3871566,227668
1574,Laptops,6014,2546,2843715,113013
1575,Laptops,11598,2430,3293681,199202
1576,Laptops,3170,1051,2613131,124540
1577,Laptops,13319,3077,2692179,119520
1578,Laptops,6992,1972,3052651,155132
1579,Laptops,3818,1652,3208637,140543
1580,Laptops,6394,1876,1953651,92849
1581,Laptops,15633,3253,3668897,175220
1582,Laptops,7243,2184,3029609,200048
1583,Laptops,5267,1515,1881610,107128
1584,Laptops,7933,1511,2713285,117690
1585,Laptops,6591,2200,1559517,83937
1586,Laptops,5550,1839,1977440,101294
1587,Laptops,3362,1086,2234566,111928
1588,Laptops,5449,1414,3444585,195093
1589,Laptops,4448,1801,1142043,55858
1590,Laptops,4831,1168,1667273,60279
1591,Laptops,6100,1667,2005347,85880
1592,Laptops,5141,1983,3636949,177930
1593,Laptops,3725,1366,2699279,117618
1594,Laptops,7016,1256,1770686,95755
1595,Laptops,5357,1672,1894036,83367
1596,Laptops,4545,3003,1581224,109712
1597,Laptops,6225,2735,2734980,124662
1598,Laptops,10459,3913,2649589,142459
1599,Laptops,6787,1750,1442726,57917
1600,Laptops,8814,2641,1518721,52224
1601,Laptops,16942,2775,1821073,81647
1602,Laptops,10897,2624,2045253,108167
1603,Laptops,7381,1939,3404486,200607
1604,Laptops,4964,1135,1827004,92389
1605,Laptops,6010,2097,3000698,158540
1606,Laptops,8393,1669,1608749,93563
1607,Laptops,12458,2407,2484235,122309
1608,Laptops,10181,1541,3638121,232516
1609,Laptops,2438,931,2563796,136781
1610,Laptops,4795,1269,1923097,79468
1611,Laptops,4644,1404,1151722,65728
1612,Laptops,7394,2125,2117181,123659
1613,Laptops,5759,2222,2265595,76406
1614,Laptops,7089,1995,1549076,75831
1615,Laptops,6374,1659,1296342,60299
1616,Laptops,8435,3408,2017690,105610
1617,Laptops,7682,1717,2194470,108515
1618,Laptops,3689,1023,2181988,109778
1619,Laptops,6597,1903,3027315,179788
1620,Laptops,3965,996,2755816,105970
1621,Laptops,3936,2370,1184489,77024
1622,Laptops,3814,2023,1177410,48200
1623,Laptops,6996,2473,940088,48040
1624,Laptops,7732,2615,2964106,124326
1625,Laptops,5440,2020,1976907,103077
1626,Laptops,6166,1587,1743301,92315
1627,Laptops,3169,1687,2539295,145872
1628,Laptops,7942,1357,1389889,61066
1629,Laptops,5666,1603,2846510,175256
1630,Laptops,6466,3553,6668444,496230
1631,Laptops,6464,2283,2393585,115383
1632,Laptops,5977,1197,3818628,210100
1633,Laptops,3529,793,1322726,79706
1634,Laptops,5922,3074,1590627,100121
1635,Laptops,7125,1806,2299278,124423
1636,Laptops,6161,1764,1357298,68982
1637,Laptops,5715,1474,1637535,75928
1638,Laptops,3978,2106,1157637,60052
1639,Laptops,3172,931,1342249,69901
1640,Laptops,4682,2095,3102556,149376
1641,Laptops,3858,1233,1227730,58032
1642,Laptops,5419,1906,1119328,52907
1643,Laptops,4663,2458,2563084,117415
1644,Laptops,3450,1881,3041721,149626
1645,Laptops,5039,1125,2626602,181418
1646,Laptops,7121,2462,1993098,103512
1647,Laptops,3848,1006,2999558,125289
1648,Laptops,3103,1287,931538,47850
1649,Laptops,7944,2203,2592324,147534
1650,Laptops,3700,1431,1680851,71483
1651,Laptops,17532,3856,2670055,149569
1652,Laptops,6969,2423,2279867,126361
1653,Laptops,6867,3383,3521281,207299
1654,Laptops,9958,2382,2109889,153821
1655,Laptops,5014,1826,1228722,56332
1656,Laptops,2600,1025,2626680,92858
1657,Laptops,7644,1911,1521993,48819
1658,Laptops,3140,1268,1537971,63112
1659,Laptops,5976,2857,1335812,63329
1660,Laptops,5884,2756,3597065,214421
1661,Laptops,4937,1282,3473417,156598
1662,Laptops,8351,1902,1936792,119005
1663,Laptops,6149,3144,2789869,146771
1664,Laptops,6224,1461,1041698,57400
1665,Laptops,6822,1422,1839259,115855
1666,Laptops,3931,1898,1951568,111074
1667,Laptops,7232,1976,2254498,79652
1668,Laptops,10503,2002,4094904,199252
1669,Laptops,6571,2065,1453026,79216
1670,Laptops,4465,972,2316393,126370
1671,Laptops,3281,721,1603143,50544
1672,Laptops,5454,2890,2045336,112114
1673,Laptops,5120,1681,2619721,157080
1674,Laptops,6835,2191,1720359,84540
1675,Laptops,6847,2115,2388693,131600
1676,Laptops,7582,2077,3240829,112021
1677,Laptops,7964,2226,1976208,80458
1678,Laptops,7481,2526,2127082,114489
1679,Laptops,4165,1309,1650856,82406
1680,Laptops,3643,902,1504308,63121
1681,Laptops,5467,1426,1817431,98408
1682,Laptops,8762,2611,2389221,154893
1683,Laptops,5547,1698,3304677,149321
1684,Laptops,7002,1703,1652468,63023
1685,Laptops,12598,2664,2088146,107439
1686,Laptops,5956,1293,2147223,95013
1687,Laptops,7205,2692,2897758,160288
1688,Laptops,6955,1863,1120089,60496
1689,Laptops,9715,2168,1760456,91290
1690,Laptops,5049,1835,5588283,323367
1691,Laptops,5735,1476,2359586,137717
1692,Laptops,4949,2082,1196611,55018
1693,Laptops,11567,5396,4207031,298992
1694,Laptops,6446,1851,2705590,120060
1695,Laptops,10263,2165,1611049,74056
1696,Laptops,5080,1825,3217480,131637
1697,Laptops,8201,2204,1197505,59446
1698,Laptops,3637,1120,1831325,81916
1699,Laptops,8825,2375,1355186,67641
1700,Laptops,7984,1807,1393668,73139
1701,Laptops,6568,1945,2771959,98338
1702,Laptops,14264,3702,4677248,223282
1703,Laptops,3655,1116,2268923,87600
1704,Laptops,4520,1241,1801141,126126
1705,Laptops,6542,3422,1987151,98856
1706,Laptops,2627,1043,998957,46916
1707,Laptops,7138,1851,1577190,65087
1708,Laptops,4877,1990,2129153,105502
1709,Laptops,6638,1702,1789020,116560
1710,Laptops,4213,1162,2393853,64884
1711,Laptops,5660,1909,4218583,182669
1712,Laptops,5251,1222,2532309,119053
1713,Laptops,5608,1513,3427819,130464
1714,Laptops,6835,3312,3428322,152803
1715,Laptops,5718,1928,3136298,188920
1716,Laptops,3239,1617,2518106,118013
1717,Laptops,10158,3291,2828061,106356
1718,Laptops,9703,2627,2631706,127942
1719,Laptops,3684,1918,2235607,89131
1720,Laptops,7793,3525,4069258,209554
1721,Laptops,6573,2274,2177387,145211
1722,Laptops,19331,7860,2289346,126214
1723,Laptops,3790,1151,2888707,137925
1724,Laptops,5279,1322,3179004,180522
1725,Laptops,7198,2049,1718247,82503
1726,Laptops,6185,1138,2467654,158120
1727,Laptops,8177,1810,2623964,189770
1728,Laptops,4008,1525,1000182,54649
1729,Laptops,7672,2724,1730168,108188
1730,Laptops,4983,2022,1398829,54816
1731,Laptops,5454,1589,1730876,81372
1732,Laptops,12962,3065,3833414,183410
1733,Laptops,5973,1445,1825787,136283
1734,Laptops,4678,1979,3823286,149693
1735,Laptops,8072,2049,1974039,108988
1736,Laptops,7944,2599,2960344,207570
1737,Laptops,7197,1618,2499553,140031
1738,Laptops,7306,1722,1495457,56998
1739,Laptops,6549,1714,2270948,133606
1740,Laptops,7332,1209,1511376,67788
1741,Laptops,8834,3111,1596710,62071
1742,Laptops,6708,3109,1922311,119591
1743,Laptops,12758,2717,2687761,169615
1744,Laptops,5967,2547,2826624,162211
1745,Laptops,4330,1693,1788856,69857
1746,Laptops,7321,2096,1720160,77739
1747,Laptops,6917,1314,2821175,86338
1748,Laptops,7292,3288,3647644,173675
1749,Laptops,8245,2244,2005636,89654
1750,Laptops,4701,1243,1635880,67875
1751,Laptops,3737,1137,1370422,56333
1752,Laptops,3734,1018,2010825,66529
1753,Laptops,3952,1493,1572970,66135
1754,Laptops,7517,2361,2733115,100451
1755,Laptops,6934,2195,1464859,94846
1756,Laptops,5995,1674,2139398,126157
1757,Laptops,5798,1990,2234955,149556
1758,Laptops,2794,1231,2032079,94338
1759,Laptops,4026,1073,2884209,142641
1760,Laptops,4162,981,2873044,156820
1761,Laptops,6314,1745,1790012,78533
1762,Laptops,7247,2168,1810876,116793
1763,Laptops,5458,1751,3751557,173875
1764,Laptops,8941,2344,1947433,87579
1765,Laptops,5033,2012,4842963,277382
1766,Laptops,4427,1395,3218736,144408
1767,Laptops,5466,1696,1954944,92583
1768,Laptops,11788,3211,2232589,116388
1769,Laptops,11742,2907,2977213,122882
1770,Laptops,11361,2608,2082109,110257
1771,Laptops,7258,1891,2484017,136702
1772,Laptops,10073,3538,2718422,153312
1773,Laptops,9754,1850,1387685,60336
1774,Laptops,4012,1478,1536721,92203
1775,Laptops,4697,2440,1298758,65584
1776,Laptops,8924,1956,1355707,62890
1777,Laptops,4429,1617,1703645,106531
1778,Laptops,2945,727,1927518,83395
1779,Laptops,5699,1683,2091678,67213
1780,Laptops,3610,994,1016027,61785
1781,Laptops,4376,1410,2263988,111846
1782,Laptops,8127,1898,4202144,218467
1783,Laptops,8111,2361,2600349,116731
1784,Laptops,5034,1192,3716277,144191
1785,Laptops,2344,985,2485210,131201
1786,Laptops,4645,2322,1455458,56291
1787,Laptops,5360,1863,1789249,91384
1788,Laptops,10599,2551,1560474,63257
1789,Laptops,4272,1693,2889078,167710
1790,Laptops,4972,1226,2353213,147126
1791,Laptops,4828,1081,1792884,89821
1792,Laptops,4480,2152,2356964,120423
1793,Laptops,5740,2095,1410015,77454
1794,Laptops,1809,1220,3063347,168959
1795,Laptops,6022,1644,1823859,77552
1796,Laptops,7079,2591,2025780,102836
1797,Laptops,5835,1263,1669361,83415
1798,Laptops,4247,1475,1345406,77990
1799,Laptops,6339,1668,2333346,106645
1800,Laptops,3486,1180,3080367,199619
1801,Laptops,6116,1520,2970700,159027
1802,Laptops,9812,2557,2752649,129310
1803,Laptops,4098,822,2087856,121499
1804,Laptops,13061,3717,1947693,83110
1805,Laptops,6235,1456,3796439,149113
1806,Laptops,7251,2061,2051275,119354
1807,Laptops,5989,2139,1987249,151232
1808,Laptops,3312,911,1636481,122332
1809,Laptops,5943,1377,1062009,37868
1810,Laptops,3596,1204,1979342,81500
1811,Laptops,3942,1089,2289896,129045
1812,Laptops,5267,1208,4839724,220351
1813,Laptops,5455,2508,2572674,142488
1814,Laptops,3779,947,2908849,167659
1815,Laptops,4268,1788,2676551,122897
1816,Laptops,3037,928,1223714,54581
1817,Laptops,8611,1676,3055413,182555
1818,Laptops,7848,1961,2169982,111858
1819,Laptops,12815,3490,2269697,117717
1820,Laptops,6358,1751,4077876,181418
1821,Laptops,13095,3124,2137823,110785
1822,Laptops,6337,1517,2105750,123253
1823,Laptops,5168,1744,4118482,165396
1824,Laptops,4818,1648,2034944,103120
1825,Laptops,3157,1328,1612348,102109
1826,Laptops,4061,1031,1902064,70895
1827,Laptops,2374,925,1483565,71482
1828,Laptops,3870,1184,3046050,182213
1829,Laptops,5208,1236,1953094,102463
1830,Laptops,7859,2197,2344055,122218
1831,Laptops,5397,2111,3324694,201529
1832,Laptops,3099,1277,1490040,59883
1833,Laptops,5691,1432,1705483,67820
1834,Laptops,5374,1668,2506124,117590
1835,Laptops,6967,3236,2817075,153794
1836,Laptops,5381,1665,2651732,126227
1837,Laptops,3793,1757,2322991,96228
1838,Laptops,6387,2719,2779461,204434
1839,Laptops,4313,2016,1471586,56536
1840,Laptops,5935,1958,1682879,76553
1841,Laptops,9228,1829,3254066,126467
1842,Laptops,5241,2026,1820883,132895
1843,Laptops,4076,1823,1145235,55386
1844,Laptops,4682,1682,2199537,118772
1845,Laptops,4624,2108,2421246,106314
1846,Laptops,6914,1402,1611567,93056
1847,Laptops,7571,1304,1597085,73521
1848,Laptops,3828,1509,1563921,84183
1849,Laptops,6254,1208,1867373,83381
1850,Laptops,4156,1696,1537247,94584
1851,Laptops,10186,3422,4233360,247625
1852,Laptops,5514,1379,1666713,62408
1853,Laptops,4993,2300,2256824,104066
1854,Laptops,9067,2258,2360988,125069
1855,Laptops,9183,3086,1118959,60049
1856,Laptops,9640,2812,2258503,116988
1857,Laptops,5612,2515,1181753,61122
1858,Laptops,3387,907,2009070,121038
1859,Laptops,2660,1432,1971499,98012
1860,GamingConsoles,4366,2896,1509900,45763
1861,GamingConsoles,5056,3528,1174076,35153
1862,GamingConsoles,7300,5512,1464526,49781
1863,GamingConsoles,7629,2630,1017728,22309
1864,GamingConsoles,6854,1980,877191,22663
1865,GamingConsoles,10252,4599,1529174,46374
1866,GamingConsoles,5063,3533,953575,25771
1867,GamingConsoles,4402,2077,1256790,39488
1868,GamingConsoles,3645,2000,874821,24059
1869,GamingConsoles,4823,2191,1199550,36508
1870,GamingConsoles,4762,3125,625369,24122
1871,GamingConsoles,2658,2898,859209,21353
1872,Cameras,3051,1957,3332827,322055
1873,Cameras,867,537,690549,49864
1874,Cameras,3943,1761,766832,56426
1875,Cameras,3569,1855,826574,72887
1876,Cameras,1832,963,1969948,167792
1877,Cameras,3539,688,1129835,97503
1878,Cameras,1320,701,866368,69487
1879,Cameras,4524,1380,1559429,164037
1880,Cameras,1755,555,2708620,234312
1881,Cameras,2252,1065,2197186,275530
1882,Cameras,1552,549,891496,88875
1883,Cameras,5396,1191,1372271,129167
1884,Cameras,2527,661,1467981,122179
1885,Cameras,1095,1016,2503865,220636
1886,Cameras,4450,2475,2685275,258911
1887,Cameras,2012,1252,1366258,114976
1888,Cameras,1603,743,1696604,202296
1889,Cameras,2146,585,2156841,200733
1890,Cameras,2997,881,928582,93519
1891,Cameras,1447,1005,862106,92106
1892,Cameras,2676,1158,1851821,128460
1893,Cameras,4858,1820,623063,66958
1894,Cameras,1059,472,1765691,211576
1895,Cameras,6029,1729,1839442,200667
1896,Cameras,1904,994,1046958,78457
1897,Cameras,3505,2509,6107214,649380
1898,Cameras,2444,755,1817500,118262
1899,Cameras,2457,772,1035955,87770
1900,Cameras,2688,713,3829300,336681
1901,Cameras,2519,1215,792894,80401
1902,Cameras,2665,1271,2224860,193788
1903,Cameras,1821,549,1008475,95021
1904,Cameras,3265,828,2575284,203610
1905,Cameras,1008,514,1853949,209849
1906,Cameras,1889,390,1297005,120362
1907,Cameras,2342,885,1786143,185678
1908,Cameras,3632,1123,1150200,73202
1909,Cameras,1670,749,2593848,277212
1910,Cameras,8966,2110,2777294,212182
1911,Cameras,4834,1687,2011197,149776
1912,Cameras,1544,619,2394334,262035
1913,Cameras,2478,1407,997245,69864
1914,Cameras,3474,1349,1897514,161006
1915,Cameras,5785,2313,1513369,117048
1916,Cameras,4182,1583,1995310,183989
1917,Cameras,2876,714,2075432,163339
1918,Cameras,3599,2370,1466201,117434
1919,Cameras,3906,869,3894310,339286
1920,Cameras,1426,888,596016,59743
1921,Cameras,970,258,699679,58445
1922,Cameras,9024,2091,1191239,86424
1923,Cameras,3321,1523,1873110,182226
1924,Cameras,2796,1377,1156479,129776
1925,Cameras,1195,803,1672884,161107
1926,Cameras,969,341,2413627,403340
1927,Cameras,1122,424,1592185,146217
1928,Cameras,2943,1113,1403947,128282
1929,Cameras,2640,561,992289,82251
1930,Cameras,2333,1092,3301136,319329
1931,Cameras,2088,831,3441396,254831
1932,Cameras,1106,673,1886943,173263
1933,Cameras,2270,802,1565047,144437
1934,Cameras,1999,877,2746545,185706
1935,Cameras,2560,905,4363827,553188
1936,Cameras,3523,1292,2395521,216500
1937,Cameras,8288,2100,2052006,191393
1938,Cameras,3118,673,1609722,145266
1939,Cameras,2878,1555,2060521,170154
1940,Cameras,1135,496,2319554,236697
1941,Cameras,2319,1308,2187354,148333
1942,Cameras,3951,941,2718907,175307
1943,Cameras,2852,715,1776483,180456
1944,Cameras,2036,578,2472676,295243
1945,Cameras,2055,530,1954694,141472
1946,Cameras,1456,917,2649935,212791
1947,Cameras,2227,829,1201825,116262
1948,Cameras,1425,537,858298,87361
1949,Cameras,1709,790,852287,89771
1950,Cameras,2739,1100,1289158,102746
1951,Cameras,4710,1100,1858320,171821
1952,Cameras,3208,1082,883949,85182
1953,Cameras,3231,999,1485329,171320
1954,Cameras,1748,591,920636,101575
1955,Cameras,1094,729,1443188,92455
1956,Cameras,814,495,902398,78156
1957,Cameras,4546,906,1668856,173579
1958,Cameras,3258,1366,2431445,294937
1959,Cameras,4262,2707,942988,72087
1960,Cameras,949,976,956783,77933
1961,Cameras,4292,1087,613229,64658
1962,Watches,190,102,577010,113633
1963,Watches,154,78,505790,105344
1964,Watches,389,230,543808,156387
1965,Watches,343,220,189238,70822
1966,Watches,579,269,707784,177372
1967,Watches,278,120,221084,48524
1968,Watches,239,349,384175,71003
1969,Watches,199,78,365356,63669
1970,Watches,179,109,190216,51002
1971,Watches,197,182,231467,40368
1972,Watches,409,62,303058,66518
1973,Watches,189,112,224755,45691
1974,Watches,316,121,287677,68072
1975,Watches,352,119,171661,32585
1976,Watches,268,148,302194,66107
1977,Watches,293,72,105200,25937
1978,Watches,547,218,177390,45931
1979,Watches,129,29,114879,24196
1980,Watches,511,192,389873,78257
1981,Watches,142,84,264698,61397
1982,Watches,203,121,271027,55956
1983,Watches,390,235,361934,75354
1984,Watches,341,127,208146,55147
1985,Watches,302,118,255218,63106
1986,Watches,373,143,391146,76715
1987,Watches,349,105,465844,109479
1988,Watches,319,194,161985,28433
1989,Watches,596,294,406579,87731
1990,Watches,200,126,302977,60297
1991,Watches,142,102,94363,21589
1992,Watches,171,194,289857,99111
1993,Watches,486,217,324091,72751
1994,Watches,230,74,172877,31640
1995,Watches,283,192,401046,64260
1996,Watches,546,220,291589,70251
1997,Watches,389,210,286542,61777
1998,Watches,379,300,313142,83201
1999,Watches,376,184,517733,127387
2000,Watches,279,161,224088,42066
2001,Watches,368,210,326371,68025
2002,Watches,156,76,279355,65358
2003,Watches,154,56,236553,64465
2004,Watches,316,144,220279,53690
2005,Watches,515,380,456675,82772
2006,Watches,272,125,159077,26556
2007,Watches,352,180,397502,60062
2008,Watches,152,108,296507,68311
2009,Watches,265,92,285747,56473
2010,Watches,223,183,406631,92862
2011,Watches,144,63,257065,44805
2012,Watches,322,114,265741,70541
2013,Watches,216,115,308997,79099
2014,Watches,282,182,563817,147921
2015,Watches,316,123,196900,43097
2016,Watches,776,354,343302,104599
2017,Watches,149,52,522080,108806
2018,Watches,667,415,306604,87964
2019,Watches,545,856,507695,108664
2020,Watches,271,100,628413,138914
2021,Watches,1125,614,659987,151856
2022,Watches,176,71,143142,31968
2023,Watches,260,148,255933,67991
2024,Watches,150,103,124697,28854
2025,Watches,697,490,462889,92490
2026,Watches,348,277,229768,54005
2027,Watches,335,113,163748,31697
2028,Watches,272,170,158433,37254
2029,Watches,321,240,407294,74711
2030,Watches,476,254,226365,48679
2031,Watches,244,111,354994,81954
2032,Watches,123,95,239336,60039
2033,Watches,296,95,223853,48345
2034,Watches,183,92,119023,28612
2035,Watches,175,76,167274,34279
2036,Watches,598,385,629622,123764
2037,Watches,330,119,149463,48794
2038,Watches,365,99,241775,45973
2039,Watches,295,150,114687,28844
2040,Watches,443,301,295394,61538
2041,Watches,406,147,802635,189152
2042,Watches,355,188,378403,91931
2043,Watches,360,271,292108,55544
2044,Watches,227,108,299304,64218
2045,Watches,192,63,175827,40347
2046,Watches,274,170,419828,71636
2047,Watches,197,144,96924,14956
2048,Watches,510,481,613138,127519
2049,Watches,289,163,243453,45242
2050,Watches,151,151,174613,33386
2051,Watches,361,130,259476,54468
2052,Watches,267,119,154758,28288
2053,Watches,190,87,137640,23612
2054,Watches,244,127,280070,69005
2055,Watches,617,159,698991,164160
2056,Watches,446,178,270539,81874
2057,Watches,621,144,388635,64953
2058,Watches,149,92,230001,65244
2059,Watches,138,78,105877,33932
2060,Watches,285,151,278416,81078
2061,Watches,357,125,240445,56116
2062,Watches,790,390,259733,43133
2063,Watches,467,272,274311,62904
2064,Watches,369,295,457215,108726
2065,Watches,748,209,258539,44455
2066,Watches,550,232,351928,80074
2067,Watches,317,173,200144,58599
2068,Watches,185,92,288145,59555
2069,Watches,793,387,496760,93706
2070,Watches,283,121,484547,107658
2071,Watches,264,79,344013,78658
2072,Watches,203,82,234977,55350
2073,Watches,360,134,225090,42098
2074,Watches,232,80,578446,106594
2075,Watches,258,115,281036,58094
2076,Watches,772,465,183909,40593
2077,Watches,271,159,315812,71842
2078,Watches,609,472,281412,69747
2079,Watches,147,135,328040,64257
2080,Watches,203,125,338815,66084
2081,Watches,92,52,349274,87623
2082,Watches,318,143,635236,171999
2083,Watches,411,226,456298,120600
2084,Watches,218,112,157331,43157
2085,Watches,354,107,323439,78981
2086,Watches,100,119,189601,38343
2087,Watches,320,169,199619,36035
2088,Watches,182,145,163381,47343
2089,Watches,331,195,244830,56271
2090,Watches,468,104,660950,135231
2091,Watches,837,427,140005,35283
2092,Watches,361,195,364157,82056
2093,Watches,399,189,243338,51131
2094,Watches,342,329,287593,61687
2095,Watches,590,248,567304,127634
2096,Watches,235,104,273602,73052
2097,Watches,272,96,229265,56526
2098,Watches,753,192,329597,76103
2099,Watches,383,82,722874,159178
2100,Watches,307,131,394350,115842
2101,Watches,646,309,464803,88516
2102,Watches,227,110,216034,39886
2103,Watches,197,169,348782,64164
2104,Watches,199,81,237391,60644
2105,Watches,244,72,308856,74318
2106,Watches,343,334,288221,69351
2107,Watches,128,41,540768,132409
2108,Watches,571,242,450287,128227
2109,Watches,390,135,536586,115235
2110,Watches,170,50,104808,24570
2111,Watches,276,208,207453,53707
2112,Watches,95,74,109824,24244
2113,Watches,155,167,199966,44282
2114,Watches,419,172,295704,55544
2115,Watches,538,286,144469,31780
2116,Watches,143,75,320063,67031
2117,Watches,421,312,184039,44918
2118,Watches,473,162,130997,21962
2119,Watches,264,92,293432,61230
2120,Watches,467,102,175837,31527
2121,Watches,232,102,217999,45943
2122,Watches,671,478,199809,38160
2123,Watches,194,99,246533,64308
2124,Watches,138,110,363436,80116
2125,Watches,187,103,122875,24341
2126,Watches,522,181,219924,32574
2127,Watches,231,157,222171,44876
2128,Watches,634,288,243015,59119
2129,Watches,539,159,309187,85457
2130,Watches,219,74,313451,63023
2131,Watches,400,189,297560,73368
2132,Cosmetics,951,472,51553,12451
2133,Cosmetics,813,239,68941,20984
2134,Cosmetics,280,187,42194,16331
2135,Cosmetics,880,337,69750,13560
2136,Cosmetics,695,539,36166,16814
2137,Cosmetics,191,112,50090,10001
2138,Cosmetics,1140,388,22427,4307
2139,Cosmetics,732,270,44274,10319
2140,Cosmetics,1647,591,74794,17821
2141,Cosmetics,373,148,18599,4005
2142,Cosmetics,1233,406,17682,4515
2143,Cosmetics,1617,333,31852,10153
2144,Cosmetics,1247,865,51374,11076
2145,Cosmetics,1057,221,38760,9307
2146,Cosmetics,1770,341,33042,7311
2147,Cosmetics,1093,207,34253,8850
2148,Cosmetics,336,151,56884,14984
2149,Cosmetics,3766,811,74783,20623
2150,Cosmetics,758,338,95319,24436
2151,Cosmetics,551,244,67621,20192
2152,Cosmetics,938,269,19054,4602
2153,Cosmetics,583,212,32430,9484
2154,Cosmetics,1658,571,13704,4849
2155,Cosmetics,829,460,20276,5608
2156,Cosmetics,1265,523,21111,8135
2157,Cosmetics,1474,676,73068,21314
2158,Cosmetics,1571,954,81395,20518
2159,Cosmetics,750,223,132728,35340
2160,Cosmetics,2038,806,89802,23174
2161,Cosmetics,373,203,48882,12318
2162,Cosmetics,655,473,23447,5825
2163,Cosmetics,1326,448,28857,9132
2164,Cosmetics,2803,891,98464,28520
2165,Cosmetics,1228,397,48741,15829
2166,Cosmetics,650,560,57544,17756
2167,Cosmetics,791,414,61059,20185
2168,Cosmetics,1009,530,31266,7610
2169,Cosmetics,243,127,23926,5236
2170,Cosmetics,4540,2543,67441,13100
2171,Cosmetics,1356,273,33100,10045
2172,Cosmetics,318,189,26889,7183
2173,Cosmetics,848,431,162483,42844
2174,Cosmetics,834,485,39321,7430
2175,Cosmetics,700,233,19090,3447
2176,Cosmetics,1082,118,51388,18070
2177,Cosmetics,701,226,27700,8413
2178,Cosmetics,317,168,20607,6324
2179,Cosmetics,1257,567,35129,10876
2180,Cosmetics,861,199,25713,5152
2181,Cosmetics,1765,751,37453,10764
2182,Cosmetics,3311,912,43048,9997
2183,Cosmetics,1104,733,72182,18448
2184,Cosmetics,1222,343,52162,9229
2185,Cosmetics,1669,451,34327,5822
2186,Cosmetics,432,347,30587,8500
2187,Cosmetics,2114,495,76959,18317
2188,Cosmetics,1186,375,58841,15212
2189,Cosmetics,1405,314,75557,21027
2190,Cosmetics,512,155,49377,17432
2191,Cosmetics,598,211,49287,13163
2192,Cosmetics,2778,1287,23664,5806
2193,Cosmetics,843,506,81686,21292
2194,Cosmetics,884,404,34191,8827
2195,Cosmetics,218,105,20236,4159
2196,Cosmetics,499,272,43062,12301
2197,Cosmetics,2167,997,42502,10644
2198,Cosmetics,2210,1021,60293,14585
2199,Cosmetics,934,575,48606,15816
2200,Cosmetics,912,373,27926,6409
2201,Cosmetics,1490,498,18033,4203
2202,Cosmetics,750,290,71959,15941
2203,Cosmetics,527,231,65719,13936
2204,Cosmetics,1078,423,71314,21400
2205,Cosmetics,843,379,28983,10518
2206,Cosmetics,493,182,85179,26736
2207,Cosmetics,996,636,33730,8502
2208,Cosmetics,1527,424,33625,8348
2209,Cosmetics,999,273,48078,11095
2210,Cosmetics,536,217,117348,33736
2211,Cosmetics,705,258,41300,9932
2212,Cosmetics,538,144,24460,6346
2213,Cosmetics,2182,539,94991,19116
2214,Cosmetics,689,506,39868,11635
2215,Cosmetics,2297,302,35452,10282
2216,Cosmetics,288,76,45659,10482
2217,Cosmetics,420,175,37394,9057
2218,Cosmetics,1115,385,61774,14162
2219,Cosmetics,759,234,25907,6793
2220,Cosmetics,1270,233,27500,7573
2221,Cosmetics,564,243,20332,4034
2222,Cosmetics,1046,320,107009,26601
2223,Cosmetics,1877,505,93104,23171
2224,Cosmetics,863,228,61243,17704
2225,Cosmetics,1918,1463,34547,11846
2226,Cosmetics,713,269,29921,7457
2227,Cosmetics,1165,594,72887,17920
2228,Cosmetics,1257,411,44154,11494
2229,Cosmetics,693,282,41996,12159
2230,Cosmetics,620,269,169021,45056
2231,Cosmetics,585,273,57100,10880
2232,Cosmetics,511,546,60911,14204
2233,Cosmetics,2194,518,54388,17127
2234,Cosmetics,761,295,36077,10482
2235,Cosmetics,1317,510,27950,7899
2236,Cosmetics,763,635,47456,15586
2237,Cosmetics,2378,490,87301,26395
2238,Cosmetics,1107,267,43116,10973
2239,Cosmetics,1341,435,33786,10341
2240,Cosmetics,1106,420,43063,9944
2241,Cosmetics,918,308,45449,17383
2242,Cosmetics,1390,474,146498,47627
2243,Cosmetics,2658,702,47816,14203
2244,Cosmetics,99,51,28156,9032
2245,Cosmetics,689,206,65720,19793
2246,Cosmetics,765,703,40847,10406
2247,Cosmetics,364,189,45747,14670
2248,Cosmetics,1055,430,101844,18330
2249,Cosmetics,809,231,70577,16127
2250,Cosmetics,266,138,42606,7540
2251,Cosmetics,1064,470,41655,8264
2252,Cosmetics,839,420,45864,10060
2253,Cosmetics,665,615,42585,11603
2254,Cosmetics,584,111,83403,27660
2255,Cosmetics,904,239,21855,4649
2256,Cosmetics,1613,385,30361,8641
2257,Cosmetics,481,248,58849,16245
2258,Cosmetics,2174,1139,56120,11715
2259,Cosmetics,554,205,26966,6048
2260,Cosmetics,390,308,71952,24481
2261,Cosmetics,884,177,79086,21654
2262,Cosmetics,1073,294,40970,12248
2263,Cosmetics,812,434,65698,19039
2264,Cosmetics,1040,562,28369,6418
2265,Cosmetics,506,238,49584,12544
2266,Cosmetics,597,220,26465,7451
2267,Cosmetics,649,212,62216,18230
2268,Cosmetics,1401,287,72437,20794
2269,Cosmetics,1199,677,74173,19003
2270,Cosmetics,497,94,27840,8246
2271,Cosmetics,1262,625,42690,8437
2272,Cosmetics,922,570,25052,6927
2273,Cosmetics,389,379,28426,7867
2274,Cosmetics,642,396,22947,5359
2275,Cosmetics,499,134,39239,7307
2276,Cosmetics,561,191,36780,9572
2277,Cosmetics,309,103,48280,12404
2278,Cosmetics,869,236,101552,29605
2279,Cosmetics,2950,931,134250,32839
2280,Cosmetics,595,149,58897,15878
2281,Cosmetics,1002,444,95422,29687
2282,Cosmetics,497,393,61424,13012
2283,Cosmetics,1558,548,60999,16190
2284,Cosmetics,226,72,44548,12209
2285,Cosmetics,1023,430,27916,6677
2286,Cosmetics,1164,343,26370,6143
2287,Cosmetics,821,323,70554,21324
2288,Cosmetics,1252,687,98608,27742
2289,Cosmetics,1293,381,50450,13818
2290,Cosmetics,805,751,40213,10316
2291,Cosmetics,820,214,64186,18522
2292,Cosmetics,990,495,18100,2607
2293,Cosmetics,638,401,61470,13344
2294,Cosmetics,1587,390,74130,23424
2295,Cosmetics,1347,577,57195,9614
2296,Cosmetics,608,220,54722,10424
2297,Cosmetics,566,321,68678,16303
2298,Cosmetics,550,366,49463,9781
2299,Cosmetics,1423,539,80456,22826
2300,Cosmetics,388,135,24413,5423
2301,Cosmetics,1038,405,78442,24459
2302,Cosmetics,1026,268,70792,15011
2303,Cosmetics,1898,807,45924,11323
2304,Cosmetics,757,741,95895,26532
2305,Cosmetics,1486,551,32059,9052
2306,Cosmetics,848,252,56886,14660
2307,Cosmetics,714,214,48839,9535
2308,Cosmetics,740,191,15975,4822
2309,Cosmetics,581,217,47869,9630
2310,Cosmetics,1022,244,10367,3094
2311,Cosmetics,1506,303,53995,14751
2312,Cosmetics,948,190,22112,5005
2313,Cosmetics,349,220,26670,6825
2314,Cosmetics,1252,485,12729,3389
2315,Cosmetics,717,248,86356,26293
2316,Cosmetics,487,186,33542,8280
2317,Cosmetics,327,225,73530,16891
2318,Cosmetics,381,205,41803,10015
2319,Cosmetics,479,219,54189,11942
2320,Cosmetics,252,76,40584,9260
2321,Cosmetics,711,242,68834,18046
2322,Cosmetics,2000,434,60179,18316
2323,Cosmetics,1072,561,28620,8831
2324,Cosmetics,1658,851,106674,27094
2325,Cosmetics,4131,1276,70800,24453
2326,Cosmetics,960,353,36894,10159
2327,Cosmetics,432,281,73356,16735
2328,Cosmetics,1088,651,60876,14122
2329,Cosmetics,1672,504,36896,7891
2330,Cosmetics,1179,222,31640,7052
2331,Cosmetics,1017,129,102617,15680
2332,Cosmetics,1286,516,86664,22728
2333,Cosmetics,1922,555,91258,24668
2334,Cosmetics,1373,613,102936,21523
2335,Cosmetics,1102,475,22550,5190
2336,Cosmetics,1440,524,84600,26197
2337,Cosmetics,1369,319,44239,11022
2338,Cosmetics,437,297,45481,10073
2339,Cosmetics,516,378,36689,11901
2340,Cosmetics,882,364,99207,25530
2341,Cosmetics,856,552,63092,17805
2342,Cosmetics,308,94,35027,9371
2343,Cosmetics,1476,877,31770,9346
2344,Cosmetics,1059,410,39923,8999
2345,Cosmetics,942,381,34565,11166
2346,Cosmetics,1485,473,26681,7175
2347,Cosmetics,759,779,51315,17682
2348,Cosmetics,368,144,28797,8191
2349,Cosmetics,489,87,54788,13743
2350,Cosmetics,993,430,41782,7650
2351,Cosmetics,1885,1449,38194,9477
2352,Cosmetics,2178,684,44308,8997
2353,Cosmetics,353,217,63573,18501
2354,Cosmetics,402,315,104997,21805
2355,Cosmetics,589,482,33787,8955
2356,Cosmetics,1162,471,82578,20843
2357,Cosmetics,453,264,48175,11499
2358,Cosmetics,2801,522,51275,15506
2359,Cosmetics,2427,938,40543,9506
2360,Cosmetics,1032,350,76403,19037
2361,Cosmetics,1562,473,53450,16123
2362,Cosmetics,802,265,48896,9850
2363,Cosmetics,1570,309,63698,16363
2364,Cosmetics,1954,699,22405,5829
2365,Cosmetics,4677,1170,56123,16389
2366,Cosmetics,674,257,40901,13083
2367,Cosmetics,775,314,53607,10692
2368,Cosmetics,708,201,74127,18335
2369,Cosmetics,697,219,32337,8396
2370,Cosmetics,1596,556,156721,51184
2371,Cosmetics,2314,831,38617,11453
2372,Cosmetics,193,174,30126,9039
2373,Cosmetics,1358,266,40868,8293
2374,Cosmetics,1466,464,118318,27091
2375,Cosmetics,1061,561,118500,40371
2376,Cosmetics,1489,1056,77317,22474
2377,Cosmetics,747,326,106755,29489
2378,Cosmetics,593,402,42589,9889
2379,Cosmetics,526,461,30656,7464
2380,Cosmetics,1157,317,46803,12081
2381,Cosmetics,1076,489,78878,15715
2382,Cosmetics,4487,752,48423,14280
2383,Cosmetics,1442,540,49121,10821
2384,Cosmetics,272,139,18255,3972
2385,Cosmetics,467,200,40859,13630
2386,Cosmetics,677,300,81137,24660
2387,Cosmetics,1671,521,49085,10308
2388,Cosmetics,849,188,28941,5285
2389,Cosmetics,399,177,71261,19466
2390,Cosmetics,1428,525,144855,42119
2391,Cosmetics,1899,895,34048,9279
2392,Cosmetics,495,190,47809,15531
2393,Cosmetics,958,204,41271,11098
2394,Cosmetics,520,156,50384,13122
2395,Cosmetics,396,247,52282,12375
2396,Cosmetics,1103,526,54917,14483
2397,Cosmetics,3290,858,49593,14174
2398,Cosmetics,1142,362,18801,3940
2399,Cosmetics,422,191,32282,9044
2400,Cosmetics,1284,346,62874,16640
2401,Cosmetics,520,215,14454,3159
2402,Cosmetics,1318,329,184256,51926
2403,Cosmetics,2204,407,26814,9686
2404,Cosmetics,1794,1057,61828,14271
2405,Cosmetics,2196,659,72605,20577
2406,Cosmetics,520,174,38777,8612
2407,Cosmetics,425,122,23184,7769
2408,Cosmetics,1313,399,81886,21378
2409,Cosmetics,4288,1085,54691,12521
2410,Cosmetics,430,170,46952,13798
2411,Cosmetics,3222,1323,383540,102875
2412,Cosmetics,558,168,55302,16758
2413,Cosmetics,496,158,39308,8653
2414,Cosmetics,1217,251,74466,19310
2415,Cosmetics,2542,678,83878,23233
2416,Cosmetics,1559,391,74893,17513
2417,Cosmetics,783,380,49821,14195
2418,Cosmetics,343,118,32948,8384
2419,Cosmetics,997,950,45152,10399
2420,Cosmetics,1771,850,35544,9768
2421,Cosmetics,1647,517,127255,34942
2422,Cosmetics,1055,630,37070,11594
2423,Cosmetics,713,283,37744,10279
2424,Cosmetics,1471,650,76872,18377
2425,Cosmetics,748,183,66177,21018
2426,Cosmetics,726,306,27839,6372
2427,Cosmetics,453,132,66133,15468
2428,Cosmetics,742,453,71149,14426
2429,Cosmetics,404,222,51569,17554
2430,Cosmetics,832,335,64506,19375
2431,Cosmetics,2869,1094,31777,8543
2432,Cosmetics,1550,376,87723,20897
2433,Cosmetics,941,230,24829,6704
2434,Cosmetics,276,150,25742,5801
2435,Cosmetics,458,235,41930,11179
2436,Cosmetics,1887,560,56803,13938
2437,Cosmetics,862,207,15691,3719
2438,Cosmetics,767,435,101322,19199
2439,Cosmetics,738,142,66697,15731
2440,Cosmetics,4812,1777,111403,25380
2441,Cosmetics,2147,845,36863,9109
2442,Cosmetics,1030,489,67233,18994
2443,Cosmetics,2553,1072,33753,7144
2444,Cosmetics,317,167,32850,7243
2445,Cosmetics,532,175,33789,10869
2446,Cosmetics,442,256,75456,13408
2447,Cosmetics,1161,171,58922,12360
2448,Cosmetics,220,68,41164,8851
2449,Cosmetics,588,189,59169,18946
2450,Cosmetics,931,632,29820,8909
2451,Cosmetics,1353,372,37841,10219
2452,Cosmetics,2194,574,102711,27379
2453,Cosmetics,790,223,57022,15323
2454,Cosmetics,950,315,20322,5975
2455,Cosmetics,709,191,79860,22309
2456,Cosmetics,3376,989,88382,27380
2457,Cosmetics,1263,436,88171,31680
2458,Cosmetics,613,175,38098,11622
2459,Cosmetics,661,500,28632,5678
2460,Cosmetics,454,228,30382,7639
2461,Cosmetics,741,298,93845,24996
2462,Cosmetics,357,171,82594,19035
2463,Cosmetics,1211,392,31408,7056
2464,Cosmetics,1076,522,53385,12919
2465,Cosmetics,645,352,34791,10628
2466,Cosmetics,909,472,36650,13316
2467,Cosmetics,2156,904,39827,9077
2468,Cosmetics,2220,403,30837,7879
2469,Cosmetics,407,131,88708,25290
2470,Cosmetics,1789,699,68590,18530
2471,Cosmetics,1140,408,35707,11136
2472,Pharmacy,1680,720,11564,2439
2473,Pharmacy,280,110,43685,6598
2474,Pharmacy,1096,129,18759,3026
2475,Pharmacy,1017,271,37407,8386
2476,Pharmacy,963,402,16458,2857
2477,Pharmacy,710,158,24792,5416
2478,Pharmacy,685,295,50257,9871
2479,Pharmacy,1624,438,33790,6222
2480,Pharmacy,1996,586,60565,10935
2481,Pharmacy,1952,397,44483,8302
2482,Pharmacy,423,257,32039,4977
2483,Pharmacy,272,165,36859,8390
2484,Pharmacy,497,343,28541,4953
2485,Pharmacy,1169,272,36252,8432
2486,Pharmacy,878,279,28867,7023
2487,Pharmacy,919,458,15654,4154
2488,Pharmacy,599,213,31096,6999
2489,Pharmacy,1499,414,47628,8688
2490,Pharmacy,522,251,31296,5826
2491,Pharmacy,589,208,27538,5368
2492,Pharmacy,466,203,52177,8869
2493,Pharmacy,917,269,28828,7001
2494,Pharmacy,1163,250,19955,3858
2495,Pharmacy,334,119,27776,5221
2496,Pharmacy,819,329,60744,13707
2497,Pharmacy,2056,316,62490,10403
2498,Pharmacy,473,130,32274,6096
2499,Pharmacy,606,322,19074,3621
2500,Pharmacy,1217,453,74415,15239
2501,Pharmacy,836,224,34730,4782
2502,Pharmacy,517,128,17917,2553
2503,Pharmacy,847,154,32106,7616
2504,Pharmacy,478,128,23817,3357
2505,Pharmacy,629,201,40332,8021
2506,Pharmacy,536,243,39112,7720
2507,Pharmacy,924,176,32178,7813
2508,Pharmacy,931,458,37377,6539
2509,Pharmacy,1340,174,63752,17795
2510,Pharmacy,768,382,36839,6698
2511,Pharmacy,314,100,33188,4829
2512,Pharmacy,979,405,98931,13805
2513,Pharmacy,303,119,31258,7805
2514,Pharmacy,454,186,46630,10363
2515,Pharmacy,294,175,16910,3715
2516,Pharmacy,1415,560,37868,10598
2517,Pharmacy,394,185,85272,15646
2518,Pharmacy,1346,431,43072,10189
2519,Pharmacy,589,139,27993,5943
2520,Pharmacy,575,167,23845,3907
2521,Pharmacy,424,262,32874,9876
2522,Pharmacy,535,83,16765,3380
2523,Pharmacy,621,135,28384,5985
2524,Pharmacy,1994,399,56065,9589
2525,Pharmacy,628,170,111192,21307
2526,Pharmacy,460,161,45212,10297
2527,Pharmacy,715,462,34319,7265
2528,Pharmacy,390,270,36120,6488
2529,Pharmacy,328,160,47664,7311
2530,Pharmacy,586,183,73269,10447
2531,Pharmacy,404,169,36629,8290
2532,Pharmacy,418,321,46714,7682
2533,Pharmacy,1743,546,76035,13950
2534,Pharmacy,765,294,42982,7536
2535,Pharmacy,392,237,39312,4969
2536,Pharmacy,293,109,19660,4293
2537,Pharmacy,684,283,28904,5724
2538,Pharmacy,384,257,55418,10498
2539,Pharmacy,451,113,13181,3130
2540,Pharmacy,1062,375,16074,2634
2541,Pharmacy,486,287,61206,11697
2542,Pharmacy,673,359,41700,9798
2543,Pharmacy,278,255,28464,6145
2544,Pharmacy,821,396,57595,11491
2545,Pharmacy,282,132,39602,9535
2546,Pharmacy,2338,254,63921,11395
2547,Pharmacy,1113,255,48449,9765
2548,Pharmacy,1613,444,14239,2616
2549,Pharmacy,358,207,26758,5684
2550,Pharmacy,1259,373,51805,10849
2551,Pharmacy,422,214,38325,6589
2552,Pharmacy,1107,412,21086,5152
2553,Pharmacy,481,214,25612,7509
2554,Pharmacy,459,185,36960,7866
2555,Pharmacy,528,216,16649,3365
2556,Pharmacy,861,243,53541,12306
2557,Pharmacy,735,334,16223,2350
2558,Pharmacy,317,84,34333,7529
2559,Pharmacy,580,123,33735,7046
2560,Pharmacy,538,305,17395,4018
2561,Pharmacy,633,207,30062,5404
2562,Pharmacy,388,206,27425,4930
2563,Pharmacy,769,367,38526,6861
2564,Pharmacy,1227,224,16938,3360
2565,Pharmacy,533,175,30790,7302
2566,Pharmacy,1232,419,29060,6719
2567,Pharmacy,1766,539,30701,8568
2568,Pharmacy,316,85,75922,15744
2569,Pharmacy,784,604,16114,3373
2570,Pharmacy,811,235,38735,9116
2571,Pharmacy,1656,717,92011,16437
2572,Pharmacy,561,246,21174,4436
2573,Pharmacy,749,476,46499,9511
2574,Pharmacy,269,87,26143,5085
2575,Pharmacy,519,208,15648,3347
2576,Pharmacy,1369,574,39484,6448
2577,Pharmacy,1555,395,17909,2437
2578,Pharmacy,1613,543,43735,9593
2579,Pharmacy,544,262,81403,20420
2580,Pharmacy,322,172,26759,5993
2581,Pharmacy,431,273,26602,6774
2582,Pharmacy,1494,931,68382,12998
2583,Pharmacy,784,264,40038,5939
2584,Pharmacy,794,423,45304,10890
2585,Pharmacy,1016,188,25642,4018
2586,Pharmacy,587,300,34308,6257
2587,Pharmacy,465,187,9817,2225
2588,Pharmacy,1292,524,29911,4531
2589,Pharmacy,1174,457,30648,6713
2590,Pharmacy,837,250,35516,8126
2591,Pharmacy,730,146,22506,4033
2592,Pharmacy,1389,383,63177,16137
2593,Pharmacy,353,224,23003,5992
2594,Pharmacy,458,102,24727,3967
2595,Pharmacy,372,121,9172,2022
2596,Pharmacy,809,366,61268,12052
2597,Pharmacy,967,202,18889,6237
2598,Pharmacy,746,615,73506,15238
2599,Pharmacy,280,139,33360,6230
2600,Pharmacy,677,329,32047,6935
2601,Pharmacy,627,112,29863,4866
2602,Pharmacy,2190,708,20574,3751
2603,Pharmacy,800,582,31009,8001
2604,Pharmacy,894,292,16910,2674
2605,Pharmacy,1153,261,68747,14154
2606,Pharmacy,866,231,44793,7432
2607,Pharmacy,185,101,25752,5155
2608,Pharmacy,589,244,35760,4918
2609,Pharmacy,484,407,36613,5949
2610,Pharmacy,248,102,47401,9225
2611,Pharmacy,597,396,47924,10041
2612,Pharmacy,1262,277,68932,10695
2613,Pharmacy,637,219,23881,5459
2614,Pharmacy,401,145,14724,2970
2615,Pharmacy,745,266,10053,1688
2616,Pharmacy,486,107,64506,11718
2617,Pharmacy,644,157,22727,4237
2618,Pharmacy,588,338,21964,3624
2619,Pharmacy,946,159,41688,8941
2620,Pharmacy,529,218,34032,4270
2621,Pharmacy,599,268,18381,2806
2622,Pharmacy,1337,492,41599,7328
2623,Pharmacy,1488,433,88420,20791
2624,Pharmacy,1854,245,14841,2742
2625,Pharmacy,716,222,51502,14336
2626,Pharmacy,503,249,28137,5346
2627,Pharmacy,463,279,52584,12373
2628,Pharmacy,430,102,32987,5682
2629,Pharmacy,860,479,36254,8920
2630,Pharmacy,1235,417,32085,8896
2631,Pharmacy,721,271,52838,8608
2632,Pharmacy,726,189,33910,6664
2633,Pharmacy,1261,260,27866,6592
2634,Pharmacy,1153,503,38002,10521
2635,Pharmacy,450,251,18319,4285
2636,Pharmacy,493,262,40438,7499
2637,Pharmacy,1052,197,27439,5213
2638,Pharmacy,1188,688,64025,12175
2639,Pharmacy,659,104,22819,3642
2640,Pharmacy,840,178,47418,6771
2641,Pharmacy,431,94,61536,13875
2642,Pharmacy,897,357,36887,5957
2643,Pharmacy,400,125,20247,3741
2644,Pharmacy,398,142,35533,8420
2645,Pharmacy,2545,795,41778,9412
2646,Pharmacy,1170,409,27612,7195
2647,Pharmacy,442,272,38158,8833
2648,Pharmacy,1022,176,24233,5195
2649,Pharmacy,604,234,17525,4877
2650,Pharmacy,924,201,18219,3041
2651,Pharmacy,726,253,27134,4614
2652,Pharmacy,436,146,28950,7590
2653,Pharmacy,801,225,45921,10363
2654,Pharmacy,776,357,57792,9407
2655,Pharmacy,1041,452,31408,6180
2656,Pharmacy,1820,467,74632,13947
2657,Pharmacy,566,271,21931,5569
2658,Pharmacy,476,218,33673,5825
2659,Pharmacy,1426,470,30044,4578
2660,Pharmacy,419,228,26605,6269
2661,Pharmacy,1614,782,71831,14402
2662,SmallAppliances,11015,1695,362831,43142
2663,SmallAppliances,4051,2166,54319,5353
2664,SmallAppliances,12517,2112,164314,21443
2665,SmallAppliances,7185,3981,380231,49259
2666,SmallAppliances,14506,8543,220389,31937
2667,SmallAppliances,11937,3515,387154,45952
2668,SmallAppliances,8358,2540,235534,21855
2669,SmallAppliances,21573,5405,421010,28892
2670,SmallAppliances,13137,2055,117751,18134
2671,SmallAppliances,6585,3120,96125,14001
2672,SmallAppliances,18207,2714,82987,11844
2673,SmallAppliances,13187,2898,182772,29719
2674,SmallAppliances,2367,525,527461,59850
2675,SmallAppliances,4993,985,368212,45487
2676,SmallAppliances,11207,2361,324368,44840
2677,SmallAppliances,19559,2634,109370,18697
2678,SmallAppliances,43353,16588,173478,17601
2679,SmallAppliances,8620,2178,241055,28428
2680,SmallAppliances,11025,1481,326530,45837
2681,SmallAppliances,8814,2909,763990,86083
2682,SmallAppliances,12471,1513,257021,37050
2683,SmallAppliances,16119,4092,275339,33280
2684,SmallAppliances,19144,3246,199717,30638
2685,SmallAppliances,3872,1282,200824,28528
2686,SmallAppliances,12295,2053,476882,71090
2687,SmallAppliances,17014,2478,248655,30206
2688,SmallAppliances,14482,3693,90999,13381
2689,SmallAppliances,7253,1380,126984,16990
2690,SmallAppliances,23685,2632,159713,33685
2691,SmallAppliances,8234,4795,296664,46436
2692,SmallAppliances,10744,1310,179734,16982
2693,SmallAppliances,27209,5180,295444,34295
2694,SmallAppliances,14180,2829,348232,37065
2695,SmallAppliances,8278,1168,125566,14142
2696,SmallAppliances,10533,4316,116214,15945
2697,SmallAppliances,4918,1425,187282,31032
2698,SmallAppliances,13483,1890,108839,14446
2699,SmallAppliances,22156,2969,856706,81981
2700,SmallAppliances,17787,6521,220305,22109
2701,SmallAppliances,13038,1706,490486,52598
2702,SmallAppliances,9174,1125,109663,15219
2703,SmallAppliances,13748,2802,216873,34573
2704,SmallAppliances,12022,3272,105319,16726
2705,SmallAppliances,8639,3185,275246,39045
2706,SmallAppliances,5144,2612,575146,72876
2707,SmallAppliances,16834,2314,370728,49433
2708,SmallAppliances,7381,1312,272452,32622
2709,SmallAppliances,9531,2494,111283,9735
2710,SmallAppliances,50071,8727,121359,14984
2711,SmallAppliances,9639,1850,649565,80954
2712,SmallAppliances,7086,2054,275067,46388
2713,SmallAppliances,4104,1111,128971,17755
2714,SmallAppliances,4471,1492,199026,27641
2715,SmallAppliances,9930,3540,211444,25199
2716,SmallAppliances,8767,1582,182050,27898
2717,SmallAppliances,23553,2820,153391,18646
2718,SmallAppliances,8172,1680,126608,12189
2719,SmallAppliances,19657,6599,670040,90311
2720,SmallAppliances,19146,3150,254401,49812
2721,SmallAppliances,6506,1082,98517,12302
2722,SmallAppliances,23280,4392,437601,58640
2723,SmallAppliances,19852,4765,214588,34020
2724,SmallAppliances,8298,2212,286957,36013
2725,SmallAppliances,51017,8283,204868,32487
2726,SmallAppliances,28546,10279,988959,90460
2727,SmallAppliances,9351,1305,418432,59078
2728,SmallAppliances,4875,2262,49344,6983
2729,SmallAppliances,4736,1040,266627,24254
2730,SmallAppliances,5426,1407,218569,36527
2731,SmallAppliances,6092,1182,266748,44931
2732,SmallAppliances,11079,2540,230559,33291
2733,SmallAppliances,31568,5515,378263,47367
2734,SmallAppliances,20774,2059,250951,31815
2735,SmallAppliances,20858,6904,172074,29802
2736,SmallAppliances,21883,6000,224073,27770
2737,SmallAppliances,19439,5454,169658,23413
2738,SmallAppliances,12714,2492,106899,12768
2739,SmallAppliances,4774,961,148264,16787
2740,SmallAppliances,9414,2247,265240,43536
2741,SmallAppliances,7440,693,223238,29352
2742,SmallAppliances,16767,3230,424294,51490
2743,SmallAppliances,5176,1061,239588,37597
2744,SmallAppliances,7891,3269,310817,48166
2745,SmallAppliances,41362,10246,245462,38387
2746,SmallAppliances,7554,1725,110668,15910
2747,SmallAppliances,3089,477,163306,16962
2748,SmallAppliances,17175,5186,175885,29075
2749,SmallAppliances,7797,2368,169504,20319
2750,SmallAppliances,15435,1702,367285,55095
2751,SmallAppliances,8589,2027,175949,24898
2752,SmallAppliances,8384,1936,158500,22953
2753,SmallAppliances,37207,6514,608565,79992
2754,SmallAppliances,10189,641,489427,58378
2755,SmallAppliances,4466,1629,80795,7348
2756,SmallAppliances,7030,2052,152195,26097
2757,SmallAppliances,11741,8591,172573,28371
2758,SmallAppliances,12746,3784,129167,17535
2759,SmallAppliances,13889,2848,365080,38200
2760,SmallAppliances,7926,3659,323754,40244
2761,SmallAppliances,20706,2137,197224,33423
2762,SmallAppliances,4704,1174,252282,34359
2763,SmallAppliances,7744,3866,249549,31513
2764,SmallAppliances,20166,2718,196257,31872
2765,SmallAppliances,20523,5956,247526,29331
2766,SmallAppliances,6916,2996,61012,8688
2767,SmallAppliances,18279,3342,176284,21259
2768,SmallAppliances,8519,1503,150405,28809
2769,SmallAppliances,14159,4375,141079,17674
2770,SmallAppliances,10716,1733,308103,56444
2771,SmallAppliances,10569,2989,137666,14739
2772,SmallAppliances,20441,2389,613032,71206
2773,SmallAppliances,16745,4745,214045,20848
2774,SmallAppliances,19861,3872,202971,25218
2775,SmallAppliances,39336,14895,241052,22117
2776,SmallAppliances,7034,1828,250878,38546
2777,SmallAppliances,17186,3385,216281,26481
2778,SmallAppliances,10660,2901,143725,18124
2779,SmallAppliances,9471,1965,217783,26890
2780,SmallAppliances,22778,3808,341045,49184
2781,SmallAppliances,12688,3106,68196,7234
2782,SmallAppliances,17247,6919,164025,23612
2783,SmallAppliances,4647,691,267280,34519
2784,SmallAppliances,19363,3802,147426,17947
2785,SmallAppliances,9902,5086,74407,11562
2786,SmallAppliances,33138,4275,195808,21049
2787,SmallAppliances,8620,1852,320067,52103
2788,SmallAppliances,6072,1987,204888,23873
2789,SmallAppliances,4782,697,302176,39621
2790,SmallAppliances,7697,1483,579176,70576
2791,SmallAppliances,23891,6635,376387,65108
2792,SmallAppliances,10049,1599,156804,12562
2793,SmallAppliances,10102,1040,519873,58717
2794,SmallAppliances,4257,941,509384,68287
2795,SmallAppliances,3847,963,229507,28876
2796,SmallAppliances,24529,6653,189516,22877
2797,SmallAppliances,14810,3242,205954,23598
2798,SmallAppliances,18540,2940,178705,19056
2799,SmallAppliances,15027,2229,261337,33779
2800,SmallAppliances,9332,4134,221262,25065
2801,SmallAppliances,26699,3605,118545,16122
2802,SmallAppliances,10724,2693,150032,17906
2803,SmallAppliances,4908,1392,423120,60336
2804,SmallAppliances,38988,5699,559039,80596
2805,SmallAppliances,23775,6354,248460,24500
2806,SmallAppliances,9247,2182,182529,21346
2807,SmallAppliances,3303,916,377081,44416
2808,SmallAppliances,24594,4200,160289,14730
2809,SmallAppliances,6022,1396,238129,31372
2810,SmallAppliances,15896,2152,204775,22793
2811,SmallAppliances,5951,2692,132265,16845
2812,SmallAppliances,5517,1096,127238,18140
2813,SmallAppliances,8796,1901,284043,40124
2814,SmallAppliances,19757,4218,135074,17382
2815,SmallAppliances,15690,4077,185970,29479
2816,SmallAppliances,21841,4186,412908,59237
2817,SmallAppliances,18489,9851,158406,18247
2818,SmallAppliances,11804,1760,295854,39303
2819,SmallAppliances,9855,1903,150253,16879
2820,SmallAppliances,4786,962,73843,7436
2821,SmallAppliances,2869,400,182257,28359
2822,SmallAppliances,11360,1636,140300,17883
2823,SmallAppliances,23775,4944,254085,34886
2824,SmallAppliances,16051,4175,510338,79971
2825,SmallAppliances,22299,2846,341386,45574
2826,SmallAppliances,9784,1092,257923,32326
2827,SmallAppliances,9668,2202,421866,55578
2828,SmallAppliances,5410,1346,362943,59856
2829,SmallAppliances,9376,3362,102275,12342
2830,SmallAppliances,14556,3160,111237,15048
2831,SmallAppliances,10194,1666,195781,23461
2832,SmallAppliances,9173,1375,228621,30219
2833,SmallAppliances,10116,6985,111032,13485
2834,SmallAppliances,2862,551,68980,7434
2835,SmallAppliances,11737,1209,211981,34737
2836,SmallAppliances,8267,1807,182085,23877
2837,SmallAppliances,4759,1203,519200,53401
2838,SmallAppliances,5919,2654,423829,54213
2839,SmallAppliances,18268,4548,379563,50948
2840,SmallAppliances,7626,889,233570,45680
2841,SmallAppliances,4974,2679,260835,23958
2842,SmallAppliances,9892,3943,345185,44554
2843,SmallAppliances,5773,2519,272347,41550
2844,SmallAppliances,11213,1726,460828,55376
2845,SmallAppliances,24562,4122,254947,45205
2846,SmallAppliances,19467,4138,930018,129253
2847,SmallAppliances,11614,3636,220705,30304
2848,SmallAppliances,15335,5736,129669,19705
2849,SmallAppliances,12821,2537,734771,103874
2850,SmallAppliances,15884,1672,179322,15905
2851,SmallAppliances,3410,1266,652321,75235
2852,SmallAppliances,23291,4472,145395,16862
2853,SmallAppliances,71289,16056,339497,36399
2854,SmallAppliances,8399,1178,234609,29507
2855,SmallAppliances,12731,2141,91865,14592
2856,SmallAppliances,20774,1839,191473,17575
2857,SmallAppliances,6417,1547,207490,33467
2858,SmallAppliances,8087,2254,262929,29128
2859,SmallAppliances,16633,1390,209003,29086
2860,SmallAppliances,7259,2879,142347,18604
2861,SmallAppliances,2999,497,175853,23347
2862,SmallAppliances,13054,3474,188864,20280
2863,SmallAppliances,5626,1140,300349,38700
2864,SmallAppliances,6261,1462,275510,37532
2865,SmallAppliances,8347,1859,235291,31251
2866,SmallAppliances,7432,1385,412887,50613
2867,SmallAppliances,7203,1270,231862,29083
2868,SmallAppliances,15335,3478,72564,11540
2869,SmallAppliances,11711,2977,232502,40115
2870,SmallAppliances,20418,1983,254270,29365
2871,SmallAppliances,36725,8069,331517,43025
2872,SmallAppliances,24254,4866,564061,109422
2873,SmallAppliances,22406,7572,153125,31603
2874,SmallAppliances,4906,1294,191106,22039
2875,SmallAppliances,18065,2775,69942,8138
2876,SmallAppliances,9852,1090,546585,68970
2877,SmallAppliances,8821,1781,812866,89103
2878,SmallAppliances,25033,6018,395931,74975
2879,SmallAppliances,6652,1739,202802,23340
2880,SmallAppliances,52399,6393,125937,23427
2881,SmallAppliances,22709,5348,270556,42579
2882,SmallAppliances,22542,3102,260138,28783
2883,SmallAppliances,15466,3826,420612,72473
2884,SmallAppliances,36985,6977,211016,22658
2885,SmallAppliances,24975,5935,260791,28222
2886,SmallAppliances,33110,3185,287656,37060
2887,SmallAppliances,11132,5311,165509,19795
2888,SmallAppliances,8423,1366,165460,13759
2889,SmallAppliances,8582,2465,152028,17432
2890,SmallAppliances,18406,1173,210381,32848
2891,SmallAppliances,16341,2734,128382,19918
2892,SmallAppliances,64703,9770,309424,26527
2893,SmallAppliances,11583,2053,282682,35075
2894,SmallAppliances,5759,1421,471204,77032
2895,SmallAppliances,17625,8120,353977,39232
2896,SmallAppliances,9063,2746,149817,20868
2897,SmallAppliances,14250,4271,517402,58071
2898,SmallAppliances,4598,1410,170921,24066
2899,SmallAppliances,14511,2227,198639,26874
2900,SmallAppliances,5598,943,186212,16024
2901,SmallAppliances,9337,2662,233193,29317
2902,SmallAppliances,5822,1369,126819,17691
2903,SmallAppliances,8801,2661,226342,30571
2904,SmallAppliances,26254,6670,709327,88650
2905,SmallAppliances,36324,8005,113318,18599
2906,SmallAppliances,15728,1795,81693,10033
2907,SmallAppliances,18724,3784,182261,25571
2908,SmallAppliances,13478,2082,263618,40134
2909,SmallAppliances,47561,9510,624164,95554
2910,SmallAppliances,22746,3837,193348,23587
2911,SmallAppliances,6027,1605,97467,10914
2912,SmallAppliances,7310,1661,83334,8596
2913,SmallAppliances,12756,4760,290188,37750
2914,SmallAppliances,13975,1749,248687,26985
2915,SmallAppliances,3963,944,190503,21397
2916,SmallAppliances,26837,6040,191886,20937
2917,SmallAppliances,14213,3446,402959,51237
2918,SmallAppliances,7720,1834,283386,30883
2919,SmallAppliances,7806,1568,237134,36753
2920,SmallAppliances,18045,1765,111498,16310
2921,SmallAppliances,3506,562,141026,23031
2922,SmallAppliances,13566,1771,267380,29987
2923,SmallAppliances,4015,562,279524,32752
2924,SmallAppliances,22330,3203,108872,18050
2925,SmallAppliances,21600,1990,155136,14304
2926,SmallAppliances,4758,1098,194567,36358
2927,SmallAppliances,47524,7480,245016,35757
2928,SmallAppliances,15081,2635,200886,26396
2929,SmallAppliances,17604,3444,105783,13077
2930,SmallAppliances,12538,2231,264680,50598
2931,SmallAppliances,29738,2459,131303,17359
2932,SmallAppliances,41214,6194,217641,22132
2933,SmallAppliances,32826,9106,161375,30518
2934,SmallAppliances,23020,4414,640459,78861
2935,SmallAppliances,17283,2055,351184,43871
2936,SmallAppliances,13884,1221,301458,37182
2937,SmallAppliances,9657,2817,154357,21777
2938,SmallAppliances,6446,2043,135340,21363
2939,SmallAppliances,10782,1857,272132,35176
2940,SmallAppliances,30859,3454,278958,58338
2941,SmallAppliances,13594,2273,120095,17989
2942,SmallAppliances,9317,3000,167909,21726
2943,SmallAppliances,12658,1785,148166,14380
2944,SmallAppliances,7562,833,122234,17280
2945,SmallAppliances,16011,5070,220800,29330
2946,SmallAppliances,5832,1184,181849,28103
2947,SmallAppliances,6629,1821,70432,8012
2948,SmallAppliances,21054,4895,153302,20749
2949,SmallAppliances,14736,1218,343112,48941
2950,SmallAppliances,25959,2772,771248,122312
2951,SmallAppliances,6790,2071,491708,47245
2952,SmallAppliances,9108,2259,96379,13010
2953,SmallAppliances,30731,10240,198467,26498
2954,SmallAppliances,17347,4116,278610,32198
2955,SmallAppliances,9160,1406,71082,8449
2956,SmallAppliances,3848,1138,74533,9127
2957,SmallAppliances,21406,3926,330197,39282
2958,SmallAppliances,8679,3206,228973,32457
2959,SmallAppliances,6735,2823,167852,25596
2960,SmallAppliances,12136,1375,194786,21924
2961,SmallAppliances,17203,4668,416253,47416
2962,SmallAppliances,7684,1037,138661,16102
2963,SmallAppliances,20742,3584,231679,28988
2964,SmallAppliances,10912,6241,174403,17967
2965,SmallAppliances,19499,4786,149075,21306
2966,SmallAppliances,10229,2080,774759,137956
2967,SmallAppliances,18491,3192,241736,34414
2968,SmallAppliances,5768,948,942653,113045
2969,SmallAppliances,12836,1950,179076,28560
2970,SmallAppliances,3010,1796,58562,10106
2971,SmallAppliances,4392,1000,195659,25851
2972,SmallAppliances,11719,1842,72155,8313
2973,SmallAppliances,4023,640,99931,15859
2974,SmallAppliances,20431,3918,255714,39575
2975,SmallAppliances,4599,1177,88202,11600
2976,SmallAppliances,15588,1698,228522,25286
2977,SmallAppliances,9105,1391,99167,13580
2978,SmallAppliances,17667,4137,175162,22182
2979,SmallAppliances,13172,2427,987028,99935
2980,SmallAppliances,13095,2811,670753,95538
2981,SmallAppliances,27756,9807,513640,69296
2982,SmallAppliances,13746,1849,677828,133146
2983,SmallAppliances,25407,8649,426063,65980
2984,SmallAppliances,7057,2042,91535,12136
2985,SmallAppliances,2619,1175,521126,56523
2986,SmallAppliances,19775,2350,572156,80306
2987,SmallAppliances,19675,4079,228069,26367
2988,SmallAppliances,14489,3148,150812,18141
2989,SmallAppliances,8466,2266,98472,13741
2990,SmallAppliances,7173,1854,587234,70542
2991,SmallAppliances,20097,4442,381327,39237
2992,SmallAppliances,7416,2591,149055,27881
2993,SmallAppliances,3818,1290,470633,51830
2994,SmallAppliances,10506,3236,411162,34943
2995,SmallAppliances,14602,4069,232316,38507
2996,SmallAppliances,13152,1298,100234,10183
2997,SmallAppliances,7077,2407,202274,34679
2998,SmallAppliances,5263,1167,156290,22113
2999,SmallAppliances,4571,1265,160733,15746
3000,SmallAppliances,14353,2026,182821,22557
3001,SmallAppliances,22091,5288,257097,24375
3002,SmallAppliances,15507,2827,102735,11768
3003,SmallAppliances,4011,1666,269505,38588
3004,SmallAppliances,16146,2614,184492,20722
3005,SmallAppliances,10025,2338,343861,37295
3006,SmallAppliances,5844,1156,269722,34560
3007,SmallAppliances,14420,3171,100807,11332
3008,SmallAppliances,20424,2481,279020,39116
3009,SmallAppliances,13233,4028,149169,13144
3010,SmallAppliances,7430,2483,315669,35016
3011,SmallAppliances,5333,822,210914,24580
3012,SmallAppliances,6313,1052,177493,27225
3013,SmallAppliances,5122,835,175930,16920
3014,SmallAppliances,6549,785,227332,31553
3015,SmallAppliances,3280,721,152546,18348
3016,SmallAppliances,7959,1272,212485,28955
3017,SmallAppliances,2330,651,114982,11447
3018,SmallAppliances,5171,906,236342,28633
3019,SmallAppliances,13710,3593,382429,52516
3020,SmallAppliances,41285,11335,342622,52073
3021,SmallAppliances,16693,2386,311941,31614
3022,SmallAppliances,6311,2667,292350,44609
3023,SmallAppliances,8331,1272,222299,38406
3024,SmallAppliances,16640,4318,260488,43609
3025,SmallAppliances,4990,1426,301170,32347
3026,SmallAppliances,7087,1412,103427,15537
3027,SmallAppliances,5842,1804,94025,11560
3028,SmallAppliances,27224,8261,420674,39372
3029,SmallAppliances,15509,2967,66228,11359
3030,SmallAppliances,9487,1147,385705,42741
3031,SmallAppliances,15198,3622,227668,24314
3032,SmallAppliances,18945,1994,267858,24708
3033,SmallAppliances,27500,6618,218027,34322
3034,SmallAppliances,5058,1095,123794,20810
3035,SmallAppliances,10474,4456,193665,25064
3036,SmallAppliances,4254,2040,125297,17962
3037,SmallAppliances,2723,1076,81191,8838
3038,SmallAppliances,36044,5011,508765,66605
3039,SmallAppliances,3864,606,230532,30726
3040,SmallAppliances,8408,1379,362792,69097
3041,SmallAppliances,15065,2290,501348,68672
3042,LargeAppliances,50866,8138,1248928,140963
3043,LargeAppliances,42547,17693,675335,66129
3044,LargeAppliances,70047,7445,891949,68068
3045,LargeAppliances,109557,9573,1703340,157612
3046,LargeAppliances,81538,8983,1295263,170752
3047,LargeAppliances,128430,14358,1583155,128256
3048,LargeAppliances,97632,15586,1105005,97359
3049,LargeAppliances,36637,6960,1244847,122688
3050,LargeAppliances,41832,8394,1274462,104228
3051,LargeAppliances,34717,5324,1363739,157004
3052,LargeAppliances,184713,28282,975037,95120
3053,LargeAppliances,47270,12324,753529,58144
3054,LargeAppliances,67403,5450,730811,77625
3055,LargeAppliances,60494,10497,1558812,161578
3056,LargeAppliances,86587,8519,562077,34906
3057,LargeAppliances,39837,4545,776359,86074
3058,LargeAppliances,142078,12044,1185102,119901
3059,LargeAppliances,34421,6153,981238,63899
3060,LargeAppliances,26349,2580,1418507,160822
3061,LargeAppliances,28026,3321,889932,82551
3062,LargeAppliances,31094,5202,896733,110051
3063,LargeAppliances,36554,9164,1276134,71664
3064,LargeAppliances,62166,10480,1303141,115687
3065,LargeAppliances,134608,20057,3731294,299268
3066,LargeAppliances,53328,9330,1186331,101988
3067,LargeAppliances,36667,6441,1166864,101318
3068,LargeAppliances,33956,4898,1365355,126393
3069,LargeAppliances,74889,16096,839436,101844
3070,LargeAppliances,312131,37361,1646121,150432
3071,LargeAppliances,58758,13150,537652,44390
3072,LargeAppliances,127985,25531,2828555,198512
3073,LargeAppliances,110065,10719,1096677,97026
3074,LargeAppliances,37596,5535,854397,85436
3075,LargeAppliances,57852,8395,2189571,188997
3076,LargeAppliances,62020,8774,2873231,223279
3077,LargeAppliances,47489,5317,871859,92700
3078,LargeAppliances,114777,16551,1534307,135520
3079,LargeAppliances,54404,6340,458046,49664
3080,LargeAppliances,20173,4038,1215536,161809
3081,LargeAppliances,53218,15785,2977677,263504
3082,LargeAppliances,31972,6171,1144736,95932
3083,LargeAppliances,77937,7885,1031670,67745
3084,LargeAppliances,98814,7031,4541867,428244
3085,LargeAppliances,16306,3921,815041,49311
3086,LargeAppliances,121766,15402,1189460,81108
3087,LargeAppliances,71246,9470,603638,46314
3088,LargeAppliances,54799,17644,1098432,82015
3089,LargeAppliances,25693,8450,517429,47237
3090,LargeAppliances,33270,4438,1543726,126995
3091,LargeAppliances,91209,9996,767509,54063
3092,LargeAppliances,41673,8072,974313,107546
3093,LargeAppliances,56759,6754,1905012,149242
3094,LargeAppliances,83484,8064,1649711,165077
3095,LargeAppliances,50668,10701,1393532,134859
3096,LargeAppliances,22840,3794,709967,73170
3097,LargeAppliances,48726,7313,786553,75319
3098,LargeAppliances,76757,10590,1590795,169656
3099,LargeAppliances,80683,9328,1156582,83653
3100,LargeAppliances,96531,6461,2638630,331786
3101,LargeAppliances,56669,6038,1309835,129726
3102,LargeAppliances,22764,6447,729541,70407
3103,LargeAppliances,33362,7234,844957,88662
3104,LargeAppliances,54285,10377,714837,64516
3105,LargeAppliances,39795,3548,1059298,87762
3106,LargeAppliances,166982,21451,4517787,390061
3107,LargeAppliances,189762,19603,841069,52713
3108,LargeAppliances,41809,10828,1232845,111788
3109,LargeAppliances,60908,13143,1939465,201887
3110,LargeAppliances,120798,10222,604874,67525
3111,LargeAppliances,82801,12957,1489111,180012
3112,LargeAppliances,59284,7652,3587650,265642
3113,LargeAppliances,78061,11821,381881,37947
3114,LargeAppliances,38796,7826,2326176,237972
3115,LargeAppliances,150654,14933,2236990,192661
3116,LargeAppliances,64195,18169,832936,63203
3117,LargeAppliances,75334,12579,879890,88267
3118,LargeAppliances,99849,8930,2031090,178096
3119,LargeAppliances,142546,25270,1943483,233986
3120,LargeAppliances,69445,32331,1214437,97239
3121,LargeAppliances,31435,2983,949255,80395
3122,LargeAppliances,83837,15353,685383,70735
3123,LargeAppliances,34374,5494,795074,76080
3124,LargeAppliances,55838,6667,2605076,205116
3125,LargeAppliances,91536,14001,1251340,110662
3126,LargeAppliances,45968,6312,2048186,216536
3127,LargeAppliances,72722,11230,1873461,172345
3128,LargeAppliances,52363,8312,742367,56585
3129,LargeAppliances,43487,5003,1134673,115454
3130,LargeAppliances,27812,5440,377124,31426
3131,LargeAppliances,21186,1885,434725,40393
3132,LargeAppliances,42262,8691,1378276,158814
3133,LargeAppliances,221234,24014,2127636,179262
3134,LargeAppliances,28584,12771,667764,78166
3135,LargeAppliances,75457,15669,653148,54706
3136,LargeAppliances,35491,3573,762870,51844
3137,LargeAppliances,104431,23942,972816,91354
3138,LargeAppliances,27748,3943,1446360,131039
3139,LargeAppliances,28799,5906,2798338,293634
3140,LargeAppliances,90290,19890,2554366,279181
3141,LargeAppliances,31088,6227,861827,83158
3142,LargeAppliances,65279,14910,1545436,163545
3143,LargeAppliances,52998,6597,2027980,191614
3144,LargeAppliances,65868,8857,1175599,106341
3145,LargeAppliances,64699,17664,1127572,113653
3146,LargeAppliances,31328,4202,1025177,102539
3147,LargeAppliances,44746,9847,1583601,138279
3148,LargeAppliances,45275,8115,1219889,83851
3149,LargeAppliances,46025,9551,1439236,113661
3150,LargeAppliances,75641,6340,727896,66223
3151,LargeAppliances,61230,7635,1078657,72008
3152,LargeAppliances,32223,11419,695375,61047
3153,LargeAppliances,123474,16629,807850,57964
3154,LargeAppliances,43133,9366,763858,90824
3155,LargeAppliances,60080,7030,3511592,318191
3156,LargeAppliances,61030,8177,423763,44192
3157,LargeAppliances,14761,5274,1238926,91628
3158,LargeAppliances,54503,4725,859991,74107
3159,LargeAppliances,97509,18566,1069244,132130
3160,LargeAppliances,157442,17320,2287296,193192
3161,LargeAppliances,45100,4973,726642,61566
3162,LargeAppliances,206668,37946,2982840,248971
3163,LargeAppliances,51835,6275,540846,40860
3164,LargeAppliances,31241,3201,1597609,186959
3165,LargeAppliances,89381,10530,2398463,220946
3166,LargeAppliances,67466,11736,1389368,109937
3167,LargeAppliances,50899,6355,3641829,361940
3168,LargeAppliances,96866,17416,885094,86711
3169,LargeAppliances,73842,10780,1720918,133212
3170,LargeAppliances,127030,17999,2232781,194092
3171,LargeAppliances,47156,6122,1425490,141294
3172,LargeAppliances,60241,10384,1708845,132564
3173,LargeAppliances,201545,28302,1010712,61673
3174,LargeAppliances,67092,15063,2474254,257866
3175,LargeAppliances,86757,11627,1261609,155673
3176,LargeAppliances,47742,15154,628448,47322
3177,LargeAppliances,69293,6111,1725139,154951
3178,LargeAppliances,34868,6659,1135260,98558
3179,LargeAppliances,80158,16603,3225557,276377
3180,LargeAppliances,48985,4159,613147,59175
3181,LargeAppliances,81456,8433,1417518,91566
3182,LargeAppliances,163582,15728,1712842,149933
3183,LargeAppliances,44932,7416,956082,78550
3184,LargeAppliances,24131,6277,511993,53857
3185,LargeAppliances,45585,5652,1027544,71605
3186,LargeAppliances,22339,3536,488196,49940
3187,LargeAppliances,146176,20442,1217811,136044
3188,LargeAppliances,46394,9313,1220714,89765
3189,LargeAppliances,45521,6387,613735,59852
3190,LargeAppliances,52592,12107,717945,56170
3191,LargeAppliances,167768,10646,661047,57025
3192,LargeAppliances,119361,22325,2101966,124682
3193,LargeAppliances,74373,16451,1545287,161201
3194,LargeAppliances,61665,12076,1973243,259788
3195,LargeAppliances,42351,7593,2130770,188024
3196,LargeAppliances,57805,10094,631875,57512
3197,LargeAppliances,84167,11025,1051521,145827
3198,LargeAppliances,52274,8730,993595,84399
3199,LargeAppliances,62095,16766,407805,51752
3200,LargeAppliances,36341,4416,2287126,150011
3201,LargeAppliances,41647,5263,1062148,95972
3202,LargeAppliances,88504,15001,2576733,188918
3203,LargeAppliances,165703,14969,2024149,159686
3204,LargeAppliances,23070,2067,681754,65191
3205,LargeAppliances,62642,15565,1984910,230767
3206,LargeAppliances,27700,6962,1080025,107698
3207,LargeAppliances,48489,8952,1088813,99597
3208,LargeAppliances,159043,19357,1644146,163911
3209,LargeAppliances,24341,4977,1560028,170976
3210,LargeAppliances,73428,9159,2521166,154542
3211,LargeAppliances,74050,12555,1344061,132088
3212,LargeAppliances,37950,5324,972839,84384
3213,LargeAppliances,67664,11564,995635,101306
3214,LargeAppliances,82782,11257,1910564,170926
3215,LargeAppliances,110765,12085,3010883,337464
3216,LargeAppliances,105120,5970,541301,41113
3217,LargeAppliances,102273,8400,2755607,308709
3218,LargeAppliances,270994,24032,1106572,112469
3219,LargeAppliances,61908,8608,2565257,256666
3220,LargeAppliances,56201,7416,810713,54455
3221,LargeAppliances,83714,7204,1465855,186620
3222,LargeAppliances,90673,13635,1025340,83069
3223,LargeAppliances,20103,2729,1027341,101473
3224,LargeAppliances,93919,9089,2074857,239053
3225,LargeAppliances,51088,5483,1511925,135711
3226,LargeAppliances,151933,37396,1698473,208449
3227,LargeAppliances,33805,4868,730987,62961
3228,LargeAppliances,39022,9817,2262605,173310
3229,LargeAppliances,94700,12551,1080043,51206
3230,LargeAppliances,78386,9351,2036403,175107
3231,LargeAppliances,15673,3813,764076,70625
3232,LargeAppliances,34755,5098,682527,92679
3233,LargeAppliances,47401,12598,1224135,105412
3234,LargeAppliances,79271,12716,697964,84351
3235,LargeAppliances,51968,10114,1225224,123204
3236,LargeAppliances,64722,6489,1218701,83916
3237,LargeAppliances,34166,8620,311064,25493
3238,LargeAppliances,51894,5362,1456630,162440
3239,LargeAppliances,35257,5404,924044,73532
3240,LargeAppliances,43618,7099,842830,89461
3241,LargeAppliances,74216,9041,745819,73985
3242,LargeAppliances,29496,3994,471405,40387
3243,LargeAppliances,25153,3965,2223524,215321
3244,LargeAppliances,54651,7283,2093570,297987
3245,LargeAppliances,73190,7950,1465720,193413
3246,LargeAppliances,73654,9620,2160632,187961
3247,LargeAppliances,77947,9725,1962067,252227
3248,LargeAppliances,39290,13281,2099030,165203
3249,LargeAppliances,48308,6748,937233,66708
3250,LargeAppliances,74648,5500,1386062,144409
3251,LargeAppliances,18235,4654,305235,37049
3252,LargeAppliances,46150,4921,1193098,115963
3253,LargeAppliances,81447,9863,958440,64543
3254,LargeAppliances,40740,5778,2861483,247671
3255,LargeAppliances,29887,3898,532670,34501
3256,LargeAppliances,50501,8343,411056,27553
3257,LargeAppliances,19862,3699,1628089,160592
3258,LargeAppliances,45621,6696,1731274,192330
3259,LargeAppliances,107280,14789,582433,42226
3260,LargeAppliances,70316,5206,1927222,162647
3261,LargeAppliances,37518,4958,880165,83213
3262,LargeAppliances,54313,10013,723553,63904
3263,LargeAppliances,38833,5211,1558496,110303
3264,LargeAppliances,26398,4847,1798550,184918
3265,LargeAppliances,192738,27670,5091458,570570
3266,LargeAppliances,34876,10328,730782,60755
3267,LargeAppliances,78636,17890,1826771,146287
3268,LargeAppliances,68413,12972,924975,68656
3269,LargeAppliances,121953,17660,1206490,100391
3270,LargeAppliances,48594,7620,2683129,269642
3271,LargeAppliances,93620,9031,742358,70955
3272,LargeAppliances,38626,12812,1437205,133580
3273,LargeAppliances,60622,10569,2191858,186159
3274,LargeAppliances,60954,11581,1008653,80063
3275,LargeAppliances,28410,3997,433264,41127
3276,LargeAppliances,46942,11813,1735742,127481
3277,LargeAppliances,34356,11565,1700684,123256
3278,LargeAppliances,53267,6934,1310233,112759
3279,LargeAppliances,48499,6367,1419468,143903
3280,LargeAppliances,39086,5422,1560256,111739
3281,LargeAppliances,56335,12095,670219,74206
3282,LargeAppliances,54095,16889,1316809,128555
3283,LargeAppliances,70051,7482,1385235,126096
3284,LargeAppliances,68147,15054,946306,74854
3285,LargeAppliances,35624,5215,1713739,158462
3286,LargeAppliances,87861,10160,1609979,210831
3287,LargeAppliances,55097,9351,980198,95300
3288,LargeAppliances,39217,5339,984001,83490
3289,LargeAppliances,50364,8532,2412522,201273
3290,LargeAppliances,97417,11633,866968,64188
3291,LargeAppliances,55424,10996,1373686,127312
3292,LargeAppliances,115545,22891,3272610,298993
3293,LargeAppliances,53452,4355,3290132,264150
3294,LargeAppliances,88956,14194,2213492,145505
3295,LargeAppliances,55102,10757,1930639,184331
3296,LargeAppliances,21520,3692,624300,47035
3297,LargeAppliances,31869,5893,1541659,151742
3298,LargeAppliances,38929,6445,903019,84301
3299,LargeAppliances,81401,12239,741867,75340
3300,LargeAppliances,24138,5286,1178582,121117
3301,LargeAppliances,52634,7555,2232948,198421
3302,LargeAppliances,17193,5177,1419710,131453
3303,LargeAppliances,29451,5178,748309,101724
3304,LargeAppliances,38404,3407,1626457,108970
3305,LargeAppliances,59998,11288,2561790,300185
3306,LargeAppliances,103224,12948,2384270,255553
3307,LargeAppliances,37999,4120,2316596,234974
3308,LargeAppliances,72567,9438,557191,59957
3309,LargeAppliances,36810,7631,555679,47061
3310,LargeAppliances,40491,13533,3482267,240739
3311,LargeAppliances,47443,4195,2217587,239387
3312,LargeAppliances,57105,10546,1946418,173939
3313,LargeAppliances,67442,18689,2025609,203420
3314,LargeAppliances,36918,5824,1395338,139067
3315,LargeAppliances,183200,13990,2233785,204974
3316,LargeAppliances,138983,22330,665527,62129
3317,LargeAppliances,21350,4223,1404088,121691
3318,LargeAppliances,71407,10136,828698,64218
3319,LargeAppliances,73333,12921,448260,32128
3320,LargeAppliances,60562,11661,809417,63073
3321,LargeAppliances,57076,6011,2271848,354363
3322,LargeAppliances,41021,4626,782085,67749
3323,LargeAppliances,77613,8248,1791136,183003
3324,LargeAppliances,68766,12439,943530,112129
3325,LargeAppliances,59850,8782,1713920,141615
3326,LargeAppliances,40491,5695,1125725,85805
3327,LargeAppliances,54027,16795,962257,92437
3328,LargeAppliances,42032,14140,1852245,149112
3329,LargeAppliances,55285,12704,835876,86594
3330,LargeAppliances,60795,10973,4145977,449524
3331,LargeAppliances,83893,7400,1790098,167761
3332,LargeAppliances,48030,5318,1565187,202482
3333,LargeAppliances,44459,14846,1399220,105047
3334,LargeAppliances,55211,8517,1455379,131403
3335,LargeAppliances,65974,3740,838804,60368
3336,LargeAppliances,49759,7248,882511,76077
3337,LargeAppliances,81338,9814,2499322,349205
3338,LargeAppliances,48842,15768,1806705,149861
3339,LargeAppliances,75785,19794,1268533,102007
3340,LargeAppliances,48069,5481,1954341,151063
3341,LargeAppliances,77840,7454,1104137,97853
3342,LargeAppliances,112686,14923,1946527,160627
3343,LargeAppliances,84452,11601,1513573,142174
3344,LargeAppliances,136454,19174,1172719,105838
3345,LargeAppliances,53945,11620,616149,58093
3346,LargeAppliances,39424,5452,1031000,90251
3347,LargeAppliances,85999,34492,2601544,222711
3348,LargeAppliances,79162,19128,1426971,116337
3349,LargeAppliances,136194,17152,1582761,126549
3350,LargeAppliances,66181,8730,1064099,97214
3351,LargeAppliances,43867,10198,1700674,143396
3352,LargeAppliances,51572,3701,540966,53667
3353,LargeAppliances,59765,16339,914882,71454
3354,LargeAppliances,72278,8663,802954,77332
3355,LargeAppliances,47620,8291,1246697,116288
3356,LargeAppliances,91870,9983,1376619,182954
3357,LargeAppliances,51638,15472,843598,72128
3358,LargeAppliances,99415,10234,719791,50023
3359,LargeAppliances,21690,5043,1997327,244539
3360,LargeAppliances,174393,19026,1537674,151721
3361,LargeAppliances,51910,14356,919794,87276
3362,LargeAppliances,48665,6618,954148,89473
3363,LargeAppliances,108879,9925,1369578,109347
3364,LargeAppliances,84506,20742,764870,59183
3365,LargeAppliances,90714,8582,1110752,108988
3366,LargeAppliances,16589,1978,754596,70064
3367,LargeAppliances,87348,7728,673108,67081
3368,LargeAppliances,73883,6101,2319163,214138
3369,LargeAppliances,53769,17190,1917590,187111
3370,LargeAppliances,69944,12061,989771,86719
3371,LargeAppliances,44917,8953,1406227,102414
3372,PowerTools,21629,7734,482973,102879
3373,PowerTools,10778,1948,995346,201466
3374,PowerTools,14358,3908,152554,30912
3375,PowerTools,28895,2943,500811,83897
3376,PowerTools,27119,11684,789673,127317
3377,PowerTools,17090,2050,433844,58309
3378,PowerTools,9880,3463,686292,105604
3379,PowerTools,18136,8139,201974,39113
3380,PowerTools,17920,5054,193828,27594
3381,PowerTools,34297,11671,255264,40816
3382,PowerTools,6329,1684,375190,68189
3383,PowerTools,33813,2913,127734,21325
3384,PowerTools,32081,7696,611137,89619
3385,PowerTools,12925,3835,493782,75406
3386,PowerTools,9831,2442,593119,104178
3387,PowerTools,14820,3033,212636,33430
3388,PowerTools,18090,1829,159408,32444
3389,PowerTools,65928,7502,288047,35599
3390,PowerTools,62302,12636,222377,30970
3391,PowerTools,33005,4366,334825,49765
3392,PowerTools,23419,4361,125349,23064
3393,PowerTools,17703,6043,325857,55180
3394,PowerTools,23476,4741,469770,62684
3395,PowerTools,24315,4468,381470,65482
3396,PowerTools,7072,863,396148,66370
3397,PowerTools,57356,10560,387879,69985
3398,PowerTools,23231,6651,668516,130450
3399,PowerTools,19147,9561,373051,63883
3400,PowerTools,13399,3323,111321,16728
3401,PowerTools,5864,858,385159,54794
3402,PowerTools,6903,2619,313394,66008
3403,PowerTools,15285,4762,350514,68412
3404,PowerTools,10624,2243,382897,81676
3405,PowerTools,29472,9153,288206,44669
3406,PowerTools,7584,1983,198919,43414
3407,PowerTools,5097,1936,268325,43583
3408,PowerTools,34875,8603,361035,69929
3409,PowerTools,46001,6829,444169,94458
3410,PowerTools,31677,9481,338283,77614
3411,PowerTools,13731,2656,202521,33312
3412,PowerTools,15085,1921,448843,76310
3413,PowerTools,30522,13072,406953,53633
3414,PowerTools,15218,3379,139994,24009
3415,PowerTools,22670,11192,358025,65552
3416,PowerTools,18362,4395,546126,98881
3417,PowerTools,27135,2297,348380,55628
3418,PowerTools,27944,8500,290294,38391
3419,PowerTools,14804,5742,560403,92548
3420,PowerTools,10389,7044,250619,41206
3421,PowerTools,35807,15654,217785,29087
3422,PowerTools,20387,9476,194879,35860
3423,PowerTools,9623,2162,169817,26291
3424,PowerTools,15152,4603,717417,150069
3425,PowerTools,3432,1145,117156,17128
3426,PowerTools,12875,5997,263309,46390
3427,PowerTools,31088,5714,270961,51982
3428,PowerTools,38442,11797,776609,90604
3429,PowerTools,18393,4158,419509,66812
3430,PowerTools,20901,8077,703793,128611
3431,PowerTools,38905,5855,516044,98907
3432,PowerTools,7364,1686,343318,70949
3433,PowerTools,10874,4332,313922,48095
3434,PowerTools,53843,7889,446566,80143
3435,PowerTools,12433,6730,169945,42736
3436,PowerTools,17875,7561,512724,91504
3437,PowerTools,21020,5061,571040,107043
3438,PowerTools,32632,5033,302181,48414
3439,PowerTools,15821,4094,236191,49520
3440,PowerTools,15956,3725,413654,52755
3441,PowerTools,21084,4236,532264,69002
3442,PowerTools,11911,3799,329741,49314
3443,PowerTools,35692,6248,809364,114602
3444,PowerTools,18869,8754,161905,29369
3445,PowerTools,11325,2391,307504,55691
3446,PowerTools,28199,4427,167866,33233
3447,PowerTools,14944,6679,327610,64751
3448,PowerTools,49679,9061,515296,83842
3449,PowerTools,23688,4719,439268,78598
3450,PowerTools,16717,4865,204152,34091
3451,PowerTools,5240,1526,264224,40408
3452,PowerTools,19003,3739,491963,52767
3453,PowerTools,15451,2838,264825,33022
3454,PowerTools,46004,7450,486507,74876
3455,PowerTools,16340,5457,1097059,153370
3456,PowerTools,60860,7864,407847,63257
3457,PowerTools,12369,4151,354780,60754
3458,PowerTools,36875,3086,171930,33160
3459,PowerTools,23774,10210,569772,106336
3460,PowerTools,7380,1065,113997,21728
3461,PowerTools,7788,3316,547425,149845
3462,PowerTools,29936,3105,279497,48391
3463,PowerTools,25835,6149,311411,81052
3464,PowerTools,18453,7202,756535,90760
3465,PowerTools,16184,3817,505802,92739
3466,PowerTools,17981,6317,514778,84906
3467,PowerTools,15576,3611,845359,115125
3468,PowerTools,19191,3892,304671,63195
3469,PowerTools,7261,4569,328877,50398
3470,PowerTools,32812,7193,356635,75518
3471,PowerTools,24971,4579,1067795,237633
3472,PowerTools,10687,4224,510736,75741
3473,PowerTools,10270,2846,402416,98490
3474,PowerTools,11653,5067,319796,47860
3475,PowerTools,42266,5252,857819,116457
3476,PowerTools,15583,1379,284911,50759
3477,PowerTools,15082,4516,387644,75894
3478,PowerTools,32123,17450,256288,43684
3479,PowerTools,21336,2757,604967,106943
3480,PowerTools,32807,12155,654675,95007
3481,PowerTools,34249,9304,426381,78155
3482,PowerTools,20949,3675,147540,38940
3483,PowerTools,13935,4039,527563,107474
3484,PowerTools,44141,6710,328090,60646
3485,PowerTools,26773,4591,384777,64082
3486,PowerTools,28275,5853,501565,80172
3487,PowerTools,8433,1734,488290,100648
3488,PowerTools,21552,4755,182503,35857
3489,PowerTools,17558,3992,602155,90147
3490,PowerTools,21039,8175,397408,76356
3491,PowerTools,12487,2349,232057,31156
3492,PowerTools,21265,7464,473424,66353
3493,PowerTools,10427,2375,258268,47664
3494,PowerTools,28121,4511,675569,134699
3495,PowerTools,32290,4215,222154,44109
3496,PowerTools,16110,5443,719041,116361
3497,PowerTools,11209,5548,187144,35323
3498,PowerTools,22000,3908,633890,114970
3499,PowerTools,2970,1737,96048,12576
3500,PowerTools,7932,3986,132436,28929
3501,PowerTools,27167,8596,524093,77446
3502,PowerTools,22495,5809,205584,40579
3503,PowerTools,12962,5030,140530,26233
3504,PowerTools,20388,3729,351811,44053
3505,PowerTools,31041,7150,432960,77777
3506,PowerTools,10593,2384,236989,36761
3507,PowerTools,18302,6774,664304,131235
3508,PowerTools,20120,3004,557855,74146
3509,PowerTools,11722,2795,695980,123738
3510,PowerTools,14560,8782,584545,82017
3511,PowerTools,40993,9746,332034,49100
3512,PowerTools,37561,8582,306723,44240
3513,PowerTools,29650,11834,685757,118212
3514,PowerTools,16481,4552,215487,45219
3515,PowerTools,13317,3971,423553,78493
3516,PowerTools,14979,4491,350519,57694
3517,PowerTools,46694,18200,350950,52655
3518,PowerTools,18995,3163,367913,90452
3519,PowerTools,15645,3819,758817,125835
3520,PowerTools,13166,3464,372101,63983
3521,PowerTools,25168,3482,723342,190417
3522,PowerTools,9029,3278,279430,46089
3523,PowerTools,30193,5614,415582,73353
3524,PowerTools,19058,4978,128070,24054
3525,PowerTools,8618,3950,233049,28442
3526,PowerTools,17287,5867,387453,62697
3527,PowerTools,4658,1257,241898,32986
3528,PowerTools,10505,2240,305687,45766
3529,PowerTools,21047,4308,254120,49161
3530,PowerTools,34494,8047,585003,89649
3531,PowerTools,18262,5043,607701,141471
3532,HandTools,3591,1086,61795,22382
3533,HandTools,13152,4536,323795,70058
3534,HandTools,3587,1471,60463,17727
3535,HandTools,4954,2993,115785,24523
3536,HandTools,11182,3587,121529,23609
3537,HandTools,1874,778,77692,17750
3538,HandTools,9016,2051,185558,44859
3539,HandTools,2095,1234,97933,27342
3540,HandTools,2096,1863,75937,21330
3541,HandTools,2122,1574,252414,57713
3542,HandTools,8148,3135,126391,28372
3543,HandTools,2914,2708,107789,29042
3544,HandTools,10816,4383,182647,42895
3545,HandTools,2616,1755,96394,20534
3546,HandTools,2061,1915,58165,14736
3547,HandTools,4557,1419,49898,11440
3548,HandTools,6321,1890,43847,14058
3549,HandTools,12179,4708,109716,20167
3550,HandTools,1785,552,41078,8389
3551,HandTools,2335,1533,76632,25360
3552,HandTools,3871,1538,119333,35418
3553,HandTools,1906,1219,33091,7338
3554,HandTools,877,1227,15951,3542
3555,HandTools,2672,1738,88692,21056
3556,HandTools,3231,2083,66002,14427
3557,HandTools,5692,2342,235508,57773
3558,HandTools,1590,1028,67582,15610
3559,HandTools,20515,9662,73267,16437
3560,HandTools,5920,1951,58020,15214
3561,HandTools,1655,959,77398,16491
3562,HandTools,2259,1849,238699,42064
3563,HandTools,952,706,121028,32689
3564,HandTools,5093,1516,135149,37421
3565,HandTools,620,572,94283,25393
3566,HandTools,7448,2008,53267,11490
3567,HandTools,1733,605,32876,5724
3568,HandTools,1184,521,60184,16324
3569,HandTools,2159,885,24037,4877
3570,HandTools,1721,736,85773,15883
3571,HandTools,7709,2421,65244,13068
3572,HandTools,3436,938,31453,8854
3573,HandTools,400,182,49560,12098
3574,HandTools,1531,504,183531,46459
3575,HandTools,4550,1569,80306,23159
3576,HandTools,4917,1536,11722,2653
3577,HandTools,2510,2293,23702,4581
3578,HandTools,5919,3158,68192,16061
3579,HandTools,979,827,212706,52945
3580,HandTools,11226,3671,193089,42706
3581,HandTools,5972,1826,27307,8137
3582,HandTools,4957,1657,121243,31153
3583,HandTools,1342,587,97911,21892
3584,HandTools,4051,2205,67685,21850
3585,HandTools,1684,631,99623,16768
3586,HandTools,2262,1810,81425,12870
3587,HandTools,4866,1649,153484,33275
3588,HandTools,5120,2178,59627,17038
3589,HandTools,9301,2617,107797,25102
3590,HandTools,459,686,70947,18533
3591,HandTools,3600,2544,51595,13310
3592,HandTools,3602,2462,83041,18422
3593,HandTools,9458,2859,79085,14244
3594,HandTools,2339,2901,88511,20435
3595,HandTools,4397,1851,180078,29665
3596,HandTools,32356,5534,170468,40600
3597,HandTools,9490,2114,112164,24616
3598,HandTools,1597,1039,17909,5438
3599,HandTools,12725,6775,94086,24359
3600,HandTools,5789,1523,31044,5078
3601,HandTools,5058,1558,34844,8896
3602,HandTools,4223,2090,127359,21575
3603,HandTools,650,279,85971,20739
3604,HandTools,2635,1803,9684,3809
3605,HandTools,4635,1787,54554,10338
3606,HandTools,1642,2026,124001,25030
3607,HandTools,2065,682,34457,8231
3608,HandTools,3130,1818,30217,6505
3609,HandTools,2036,1476,80588,15934
3610,HandTools,6046,2034,63465,15438
3611,HandTools,1870,603,57560,14987
3612,HandTools,4976,1083,27199,8299
3613,HandTools,4243,1286,154565,40561
3614,HandTools,2896,1618,56040,15665
3615,HandTools,2355,1593,16481,4681
3616,HandTools,3925,1856,117359,26389
3617,HandTools,2766,2645,247161,47577
3618,HandTools,1534,1421,58050,15505
3619,HandTools,2140,1470,37174,10367
3620,HandTools,3609,987,118033,30969
3621,HandTools,2402,1316,242397,66822
3622,HandTools,4336,2109,67712,19648
3623,HandTools,878,416,36231,8527
3624,HandTools,2692,1006,105377,24631
3625,HandTools,5987,1149,102594,31357
3626,HandTools,1281,689,69185,18688
3627,HandTools,8970,2290,74774,20822
3628,HandTools,2454,2194,114827,30029
3629,HandTools,2845,1423,107823,25068
3630,HandTools,1893,732,59119,16334
3631,HandTools,2548,2469,91193,24517
3632,HandTools,5988,1821,73253,16953
3633,HandTools,2590,1130,55190,13200
3634,HandTools,10288,3301,296125,62262
3635,HandTools,2537,901,108813,39536
3636,HandTools,2426,1088,34121,9381
3637,HandTools,6499,5857,95857,14548
3638,HandTools,2692,1028,58069,10813
3639,HandTools,4167,1457,52215,13031
3640,HandTools,5289,4722,122050,25724
3641,HandTools,2039,1084,50118,11506
3642,HandTools,4965,1460,55125,15730
3643,HandTools,4859,4577,53390,14265
3644,HandTools,3423,1283,46791,11388
3645,HandTools,6191,5873,44684,9297
3646,HandTools,4544,2890,38761,10050
3647,HandTools,2061,1511,61543,12043
3648,HandTools,3427,1254,66888,13529
3649,HandTools,1190,665,164841,42736
3650,HandTools,690,379,54960,18416
3651,HandTools,2905,1151,24258,5039
3652,HandTools,5335,2977,124727,36414
3653,HandTools,1605,1018,92058,24179
3654,HandTools,3351,2682,249347,63881
3655,HandTools,942,1753,53525,13835
3656,HandTools,3314,1177,65506,13163
3657,HandTools,4104,1869,32101,6645
3658,HandTools,2659,778,79590,19308
3659,HandTools,1502,1053,50751,14894
3660,HandTools,4834,2115,30862,5987
3661,HandTools,3205,849,173600,38149
3662,HandTools,2607,1719,70095,22966
3663,HandTools,4278,3514,51785,14178
3664,HandTools,3877,1790,102707,20861
3665,HandTools,4479,3296,121210,25276
3666,HandTools,6216,6365,120151,27769
3667,HandTools,1480,825,51992,16653
3668,HandTools,3238,1810,114609,17910
3669,HandTools,2900,640,55618,12502
3670,HandTools,7247,1222,197545,36178
3671,HandTools,3157,767,45495,9836
3672,HandTools,1677,1108,152569,34495
3673,HandTools,4002,3029,34188,5955
3674,HandTools,5907,909,74417,19928
3675,HandTools,2298,1529,109626,36309
3676,HandTools,1835,1239,57100,8882
3677,HandTools,8826,3096,103596,29252
3678,HandTools,3076,1705,18126,4001
3679,HandTools,2314,648,91038,21607
3680,HandTools,1539,1413,95221,21678
3681,HandTools,3439,819,166681,44908
3682,HandTools,3128,2267,53863,13247
3683,HandTools,5095,1267,92051,25265
3684,HandTools,4547,1540,90849,24534
3685,HandTools,2741,1184,87837,17079
3686,HandTools,7011,3115,363324,109868
3687,HandTools,1528,1940,141750,26687
3688,HandTools,3293,4669,98020,24914
3689,HandTools,5959,2960,103568,27989
3690,HandTools,2313,673,45303,13506
3691,HandTools,1363,539,44142,8031
3692,HandTools,1270,575,81754,16569
3693,HandTools,2747,1739,172971,32746
3694,HandTools,5146,3461,240224,56502
3695,HandTools,2320,1421,21228,5079
3696,HandTools,2808,666,50995,7923
3697,HandTools,3071,1578,70926,19012
3698,HandTools,1622,1022,28306,7332
3699,HandTools,1728,1856,49895,16307
3700,HandTools,2299,1002,33741,6936
3701,HandTools,3636,1452,41119,9655
3702,HandTools,1138,368,43565,13200
3703,HandTools,4977,2413,66640,22297
3704,HandTools,4672,3430,73768,18358
3705,HandTools,3528,3073,73304,18544
3706,HandTools,4898,3179,96216,18926
3707,HandTools,3666,2674,47832,9004
3708,HandTools,14232,2269,63558,11422
3709,HandTools,1233,1180,30734,6540
3710,HandTools,4580,1190,58649,19878
3711,HandTools,1251,621,70167,13296
3712,HandTools,1971,2147,117491,26504
3713,HandTools,4664,5918,88225,15907
3714,HandTools,2936,1185,61586,20346
3715,HandTools,1202,973,76634,21484
3716,HandTools,2010,1273,43849,12528
3717,HandTools,4337,3461,115611,30264
3718,HandTools,697,1019,118023,19379
3719,HandTools,3176,1300,55508,11858
3720,HandTools,1399,634,100514,21892
3721,HandTools,902,356,176509,45288
3722,HandTools,1288,798,41186,9600
3723,HandTools,5162,1018,36929,10214
3724,HandTools,2464,998,96948,17291
3725,HandTools,2023,1323,45123,11785
3726,HandTools,3868,816,209456,41295
3727,HandTools,1222,753,82370,15860
3728,HandTools,1822,635,183489,48666
3729,HandTools,2033,1804,50544,13539
3730,HandTools,2566,2326,85347,18607
3731,HandTools,1745,809,21744,4544
3732,HandTools,1768,845,67600,17734
3733,HandTools,4475,1444,78416,26685
3734,HandTools,3046,1293,83684,14609
3735,HandTools,1225,891,59318,18011
3736,HandTools,1107,1190,94110,20121
3737,HandTools,1344,964,30282,7248
3738,HandTools,1829,841,43014,8808
3739,HandTools,3216,2457,35537,9232
3740,HandTools,4447,2915,104036,30669
3741,HandTools,2125,2271,96549,19536
3742,HandTools,4027,3109,84799,18972
3743,HandTools,2714,3555,67905,18903
3744,HandTools,4568,2907,28030,5904
3745,HandTools,2797,1096,85447,31248
3746,HandTools,2943,1524,83643,20982
3747,HandTools,3870,2413,256770,73768
3748,HandTools,9431,1720,96301,20406
3749,HandTools,1559,439,83015,20348
3750,HandTools,2792,702,43668,11860
3751,HandTools,6143,3962,62458,18294
3752,HandTools,3217,2325,120353,29558
3753,HandTools,4517,1807,35395,7385
3754,HandTools,3467,1576,35401,8873
3755,HandTools,1035,1677,33480,8170
3756,HandTools,3174,2254,30956,8668
3757,HandTools,1912,1521,43067,10558
3758,HandTools,1147,646,41650,13871
3759,HandTools,5676,1714,67084,13442
3760,HandTools,1639,637,59601,18562
3761,HandTools,2590,1093,66466,17737
3762,HandTools,2051,568,67698,14641
3763,HandTools,3558,1200,189271,43061
3764,HandTools,5043,3810,43059,9421
3765,HandTools,3712,1284,39241,7796
3766,HandTools,18342,4412,69043,15495
3767,HandTools,3132,1397,16910,3568
3768,HandTools,2930,1074,38047,8313
3769,HandTools,9424,2755,114942,23896
3770,HandTools,2573,1449,135339,24556
3771,HandTools,3099,1001,70301,17380
3772,HandTools,2115,1461,106598,19862
3773,HandTools,1593,348,100200,27379
3774,HandTools,8974,4520,91982,31673
3775,HandTools,1371,1124,63355,21941
3776,HandTools,3383,1430,45453,7441
3777,HandTools,1108,470,141452,36977
3778,HandTools,3631,2090,50229,14252
3779,HandTools,3904,1366,79056,19143
3780,HandTools,7816,4692,69980,17062
3781,HandTools,9751,3920,73374,13520
3782,Batteries,1124,1160,154421,34405
3783,Batteries,1305,1232,166271,48956
3784,Batteries,470,693,46459,11114
3785,Batteries,605,1015,56867,12645
3786,Batteries,1475,765,253493,57768
3787,Batteries,382,634,87742,21960
3788,Batteries,377,298,57705,11932
3789,Batteries,706,800,109818,29165
3790,Batteries,1176,1580,132481,23432
3791,Batteries,351,331,97365,26117
3792,Batteries,887,1089,142544,30406
3793,Batteries,527,527,67073,16150
3794,Batteries,849,423,201516,54439
3795,Batteries,405,447,77944,16463
3796,Batteries,497,332,91110,18961
3797,Batteries,576,437,51599,15297
3798,Batteries,605,459,124497,43370
3799,Batteries,595,817,70112,17514
3800,Batteries,632,1298,29435,7935
3801,Batteries,529,418,51040,13511
3802,Batteries,663,629,88170,23066
3803,Batteries,572,678,53358,13553
3804,Batteries,347,772,22164,4597
3805,Batteries,749,562,38059,10586
3806,Batteries,360,515,55819,13110
3807,Batteries,713,538,163443,41934
3808,Batteries,1540,1094,112564,26042
3809,Batteries,749,1075,84141,29332
3810,Batteries,819,631,109911,19552
3811,Batteries,678,703,103486,23018
3812,Batteries,392,818,67812,16691
3813,Batteries,412,467,32932,8653
3814,Batteries,344,396,50589,12995
3815,Batteries,1210,1887,69197,14584
3816,Batteries,779,632,85162,20619
3817,Batteries,339,228,79781,18892
3818,Batteries,1006,810,61260,12504
3819,Batteries,455,752,69488,15429
3820,Batteries,744,869,39347,11404
3821,Batteries,600,714,56587,10380
3822,Batteries,520,625,109509,26714
3823,Batteries,758,1215,145645,41031
3824,Batteries,1114,1599,91044,20194
3825,Batteries,1321,1566,64891,9560
3826,Batteries,472,411,38267,10824
3827,Batteries,828,1490,250077,56485
3828,Batteries,452,463,37053,6112
3829,Batteries,347,608,58261,16421
3830,Batteries,820,1029,110098,18249
3831,Batteries,244,442,62263,11373
3832,Batteries,367,893,47043,12808
3833,Batteries,328,356,37824,10074
3834,Batteries,552,1064,30657,8542
3835,Batteries,1053,1306,92512,27407
3836,Batteries,518,929,117303,28181
3837,Batteries,732,848,60014,9984
3838,Batteries,874,1355,83661,18428
3839,Batteries,495,489,33055,6547
3840,Batteries,534,377,58421,14568
3841,Batteries,232,315,65801,17280
3842,Batteries,676,914,59837,12772
3843,Batteries,320,664,44508,10166
3844,Batteries,524,1056,122312,26647
3845,Batteries,290,305,25737,5744
3846,Batteries,730,1103,115549,24470
3847,Batteries,708,797,114543,30913
3848,Batteries,430,362,128971,26753
3849,Batteries,378,454,127209,26976
3850,Batteries,319,263,116103,17830
3851,Batteries,548,818,54606,10656
3852,Beverages,2772,5327,49722,4269
3853,Beverages,9463,6224,49860,3014
3854,Beverages,8116,6214,48385,4285
3855,Beverages,3892,3226,61278,4549
3856,Beverages,13619,17764,71746,4186
3857,Beverages,12384,23218,79342,4404
3858,Beverages,8577,11357,85070,5431
3859,Beverages,3732,3442,60337,5535
3860,Beverages,6912,8345,69928,5301
3861,Beverages,6591,6746,60766,4935
3862,Beverages,15082,14279,92675,7092
3863,Beverages,7426,9014,51876,4942
3864,Beverages,6213,5970,55182,4868
3865,Beverages,7304,9426,34835,2458
3866,Beverages,9826,22429,38556,2478
3867,Beverages,6198,7844,45960,3037
3868,Beverages,10136,10589,51199,3609
3869,Beverages,6311,9349,37874,3220
3870,Beverages,7115,7591,35566,2027
3871,Beverages,10334,12487,70493,4254
3872,Beverages,7596,10750,56015,4066
3873,Beverages,6337,2926,54924,3945
3874,Beverages,19826,16491,38010,2269
3875,Beverages,11265,13205,81955,5628
3876,Beverages,10209,10003,104378,7894
3877,Beverages,5695,6248,45907,3268
3878,Beverages,10362,7787,51853,2998
3879,Beverages,14234,17901,68279,3728
3880,Beverages,6332,8541,57820,4221
3881,Beverages,10877,12037,59160,5885
3882,Beverages,20282,22468,86189,4659
3883,Beverages,9199,8923,93336,6229
3884,Beverages,4983,8986,32558,2076
3885,Beverages,12110,12643,83778,5805
3886,Beverages,5674,6546,53093,3660
3887,Beverages,8062,8740,56449,5065
3888,Beverages,8531,8414,58814,6512
3889,Beverages,20368,16508,176929,14191
3890,Beverages,6872,6049,34335,2411
3891,Beverages,4252,6287,41416,3026
3892,Beverages,17965,15940,103751,6427
3893,Beverages,7967,6441,63714,4365
3894,Beverages,9056,8291,56484,4474
3895,Beverages,9936,10881,101906,6590
3896,Beverages,5374,7289,71447,5583
3897,Beverages,6312,10335,27024,2315
3898,Beverages,11415,15380,38115,2219
3899,Beverages,7256,6315,60882,6321
3900,Beverages,8383,9542,92157,6813
3901,Beverages,7473,12260,78424,5244
3902,Beverages,5479,6387,34000,2513
3903,Beverages,9288,7957,125981,8902
3904,Beverages,8517,15431,42855,3343
3905,Beverages,5542,8499,46019,2365
3906,Beverages,9149,5374,51323,2183
3907,Beverages,10442,13650,31430,1862
3908,Beverages,3926,3559,65879,4521
3909,Beverages,14964,15663,87148,5679
3910,Beverages,4784,5042,47516,4554
3911,Beverages,8019,9098,54263,2958
3912,Beverages,8255,8304,92090,6960
3913,Beverages,8960,12382,44752,3396
3914,Beverages,3066,3345,36517,2293
3915,Beverages,6561,7034,68791,4105
3916,Beverages,7312,6764,48254,3732
3917,Beverages,4457,6017,101435,5752
3918,Beverages,3068,3080,73225,7162
3919,Beverages,14391,12144,94344,8956
3920,Beverages,13893,14442,72691,4769
3921,Beverages,7522,7505,41200,2441
3922,Beverages,14230,8463,49303,3445
3923,Beverages,5890,8668,56367,3449
3924,Beverages,4416,6161,59292,3950
3925,Beverages,8329,13645,66301,4421
3926,Beverages,8373,8410,51588,3760
3927,Beverages,9505,10414,29997,2679
3928,Beverages,11680,7838,76299,5551
3929,Beverages,10291,16735,63506,3474
3930,Beverages,5017,9626,59294,3595
3931,Beverages,11866,13939,63513,4722
3932,Beverages,10886,13096,65612,5437
3933,Beverages,9517,9373,40093,2315
3934,Beverages,4710,9178,54245,3639
3935,Beverages,3091,3575,48029,4081
3936,Beverages,8671,5398,41947,3375
3937,Beverages,8199,6403,52605,5220
3938,Beverages,9800,7605,122124,6845
3939,Beverages,6460,5765,51831,3396
3940,Beverages,7371,11895,70488,4756
3941,Beverages,7884,11763,63588,4045
3942,Beverages,5173,8107,72722,4856
3943,Beverages,18844,20823,63768,5322
3944,Beverages,8332,11101,50664,3075
3945,Beverages,5792,7212,37563,3278
3946,Beverages,9548,5985,90480,5421
3947,Beverages,10494,9659,47949,2343
3948,Beverages,10192,5537,47653,4486
3949,Beverages,6748,6887,63295,4127
3950,Beverages,11851,8372,49122,3323
3951,Beverages,5041,7534,67823,4569
3952,PetSupplies,59403,10799,69220,13902
3953,PetSupplies,26331,5768,124601,23328
3954,PetSupplies,35287,7015,78127,14858
3955,PetSupplies,12724,3114,22739,5444
3956,PetSupplies,18810,7708,61506,13916
3957,PetSupplies,47136,9398,90862,16570
3958,PetSupplies,7972,6225,37361,6094
3959,PetSupplies,10820,5016,267192,48333
3960,PetSupplies,5850,1752,28275,4235
3961,PetSupplies,23030,7362,48537,7678
3962,PetSupplies,28269,5426,69876,20527
3963,PetSupplies,7126,1905,17374,4445
3964,PetSupplies,7334,3047,133777,20774
3965,PetSupplies,53292,8899,49987,14591
3966,PetSupplies,29526,8212,53508,17925
3967,PetSupplies,9058,2161,16489,3207
3968,PetSupplies,220795,15108,105192,24451
3969,PetSupplies,19497,3071,114525,20800
3970,PetSupplies,3468,1732,34255,7069
3971,PetSupplies,17755,9536,26930,6054
3972,PetSupplies,55095,14883,125462,29048
3973,PetSupplies,16966,3202,30841,6068
3974,PetSupplies,10030,5807,25401,6468
3975,PetSupplies,7266,1733,40488,6574
3976,PetSupplies,28771,4736,28748,4725
3977,PetSupplies,12219,2379,30327,5028
3978,PetSupplies,16719,7760,43248,10660
3979,PetSupplies,47153,2718,109974,21432
3980,PetSupplies,5320,910,25014,6747
3981,PetSupplies,66138,12988,37153,6723
3982,PetSupplies,17882,14039,114168,18333
3983,PetSupplies,25034,6996,74160,11222
3984,PetSupplies,8011,1801,74000,16129
3985,PetSupplies,47528,10060,421597,91470
3986,PetSupplies,54176,3748,70016,15542
3987,PetSupplies,101672,31096,106003,20446
3988,PetSupplies,9598,1814,219325,40697
3989,PetSupplies,46190,8224,37393,6798
3990,PetSupplies,132282,38330,45535,8647
3991,PetSupplies,34993,16125,33331,6210
3992,PetSupplies,13713,1165,24053,4599
3993,PetSupplies,12966,3222,33579,7132
3994,PetSupplies,15298,3955,47049,7947
3995,PetSupplies,31467,2704,165814,26271
3996,PetSupplies,10199,2365,27794,3994
3997,PetSupplies,3746,1175,75400,14276
3998,PetSupplies,16470,2834,72293,17016
3999,PetSupplies,38515,10700,35963,6967
4000,PetSupplies,102064,29287,77959,17232
4001,PetSupplies,15171,3850,56717,10958
4002,PetSupplies,16720,2849,46270,9340
4003,PetSupplies,2199,1031,32965,6463
4004,PetSupplies,15356,3295,63233,12679
4005,PetSupplies,18418,4694,16720,3920
4006,PetSupplies,19245,7096,74356,12803
4007,PetSupplies,21817,3217,56523,12082
4008,PetSupplies,27470,7067,208500,41465
4009,PetSupplies,72852,6581,139371,21078
4010,PetSupplies,7474,2576,44040,10742
4011,PetSupplies,98101,20128,275571,51521
4012,PetSupplies,5392,2076,58469,13683
4013,PetSupplies,8258,2558,24717,5419
4014,PetSupplies,7026,3760,100630,18296
4015,PetSupplies,19337,5926,35031,7461
4016,PetSupplies,27345,18521,27282,4844
4017,PetSupplies,44617,13301,41826,10984
4018,PetSupplies,27421,6992,31152,4976
4019,PetSupplies,22821,12776,53274,8968
4020,PetSupplies,6261,1545,61463,14367
4021,PetSupplies,41730,9020,38611,7050
4022,PetSupplies,15199,2785,132335,19051
4023,PetSupplies,22771,10040,47355,8852
4024,PetSupplies,14251,5360,87813,17321
4025,PetSupplies,22465,7788,116549,20811
4026,PetSupplies,14335,1212,69904,13931
4027,PetSupplies,11721,2928,157487,29463
4028,PetSupplies,66842,12213,82860,14680
4029,PetSupplies,9487,2641,58699,11828
4030,PetSupplies,12066,13756,81027,14800
4031,PetSupplies,15391,3047,37363,8208
4032,PetSupplies,9026,2955,125566,19348
4033,PetSupplies,16491,3702,111707,14363
4034,PetSupplies,15548,2564,77741,14098
4035,PetSupplies,8763,4710,77687,11698
4036,PetSupplies,41492,12667,47493,9283
4037,PetSupplies,12032,4615,25490,4674
4038,PetSupplies,16200,5713,96367,16984
4039,PetSupplies,9705,3737,156040,23022
4040,PetSupplies,18425,3973,37547,6071
4041,PetSupplies,18578,10050,129328,20661
4042,PetSupplies,59810,8068,71424,14897
4043,PetSupplies,11129,3065,105824,25459
4044,PetSupplies,35767,4323,101499,16691
4045,PetSupplies,19183,2775,62170,8848
4046,PetSupplies,6325,1326,70185,10322
4047,PetSupplies,11147,3784,212178,47084
4048,PetSupplies,12893,4189,38732,4683
4049,PetSupplies,11722,6329,219019,37704
4050,PetSupplies,35854,5257,261232,46594
4051,PetSupplies,9574,3120,47445,8758
4052,PetSupplies,38431,14101,67000,15800
4053,PetSupplies,9979,4707,49602,10811
4054,PetSupplies,19118,1367,123698,25701
4055,PetSupplies,8017,4829,16503,3788
4056,PetSupplies,3694,1269,41094,11999
4057,PetSupplies,43996,10369,50043,10715
4058,PetSupplies,44871,11092,55738,10687
4059,PetSupplies,15728,2642,119608,16897
4060,PetSupplies,32461,7498,172327,46317
4061,PetSupplies,9290,2136,7933,1560
4062,PetSupplies,43728,13331,163353,34485
4063,PetSupplies,7286,1605,30088,5207
4064,PetSupplies,39153,8081,96803,18733
4065,PetSupplies,12749,4877,141298,29265
4066,PetSupplies,10601,1133,80598,13319
4067,PetSupplies,16632,1406,102900,21484
4068,PetSupplies,20221,3279,27653,4780
4069,PetSupplies,35571,33026,392944,82417
4070,PetSupplies,22947,11309,31313,7266
4071,PetSupplies,10185,3909,68543,14893
4072,PetSupplies,9581,1079,27766,5722
4073,PetSupplies,20444,7955,38382,9881
4074,PetSupplies,28354,8201,39052,6249
4075,PetSupplies,12453,1989,81263,16526
4076,PetSupplies,20108,1221,301307,61525
4077,PetSupplies,42279,4643,119852,21423
4078,PetSupplies,9443,3391,54217,6730
4079,PetSupplies,11238,3817,56809,12756
4080,PetSupplies,8934,2438,39986,7456
4081,PetSupplies,83245,20657,211317,30457
4082,PetSupplies,25106,1934,144515,27529
4083,PetSupplies,18389,4220,48409,7712
4084,PetSupplies,34694,6815,55870,11580
4085,PetSupplies,13462,4299,54678,8087
4086,PetSupplies,19181,4254,49968,8664
4087,PetSupplies,9542,3447,88920,17897
4088,PetSupplies,10173,6651,34606,9157
4089,PetSupplies,19878,3985,145970,23941
4090,PetSupplies,24599,6135,26375,4382
4091,PetSupplies,44388,8030,109032,23160
4092,PetSupplies,39282,11880,97498,14410
4093,PetSupplies,32106,1914,236681,42467
4094,PetSupplies,21764,5719,382082,84930
4095,PetSupplies,24015,2792,101715,24722
4096,PetSupplies,17088,1562,28058,6223
4097,PetSupplies,17843,1995,26134,6306
4098,PetSupplies,15619,4754,92558,23243
4099,PetSupplies,8360,2122,38561,6676
4100,PetSupplies,131640,15352,65155,18818
4101,PetSupplies,62823,14794,52769,11194
4102,PetSupplies,8953,1685,53888,13485
4103,PetSupplies,24926,4021,79775,12738
4104,PetSupplies,27865,5298,43643,9967
4105,PetSupplies,16222,8334,95895,20232
4106,PetSupplies,16607,1439,40041,8727
4107,PetSupplies,15997,2102,30578,7264
4108,PetSupplies,11973,4888,90080,12586
4109,PetSupplies,10884,4039,22711,4107
4110,PetSupplies,69701,18148,101528,30146
4111,PetSupplies,45213,5298,153427,28059
4112,PetSupplies,32584,9997,77383,17241
4113,PetSupplies,24897,3243,47865,9464
4114,PetSupplies,19308,4059,37986,8775
4115,PetSupplies,20933,6460,63506,13235
4116,PetSupplies,24513,7390,113641,20180
4117,PetSupplies,24111,13263,59653,10625
4118,PetSupplies,28794,5157,120190,21032
4119,PetSupplies,35978,13666,27106,4621
4120,PetSupplies,6475,3954,86616,19580
4121,PetSupplies,16192,1935,38131,6878
4122,PetSupplies,53152,10560,79233,21986
4123,PetSupplies,20225,3002,105357,19366
4124,PetSupplies,39445,3815,95106,25330
4125,PetSupplies,11956,2400,36479,5754
4126,PetSupplies,41811,4936,59899,12193
4127,PetSupplies,75404,13502,27367,3981
4128,PetSupplies,5993,2371,60721,12997
4129,PetSupplies,8544,3497,76334,11808
4130,PetSupplies,22938,7641,156616,31658
4131,PetSupplies,60047,13742,98361,23609
4132,PetSupplies,9399,2131,131029,27833
4133,PetSupplies,12537,2927,139603,34610
4134,PetSupplies,20523,2904,112189,18247
4135,PetSupplies,19911,7334,116791,24714
4136,PetSupplies,11940,2043,45113,8108
4137,PetSupplies,5633,1653,44345,9134
4138,PetSupplies,28569,6576,234306,32429
4139,PetSupplies,24506,20672,34680,7672
4140,PetSupplies,17077,2430,41547,8013
4141,PetSupplies,23055,9189,119923,24730
4142,PetSupplies,29799,5026,32737,6758
4143,PetSupplies,11558,1918,26255,4629
4144,PetSupplies,26464,21756,51880,7075
4145,PetSupplies,11673,5590,47898,9229
4146,PetSupplies,16110,7196,94447,14413
4147,PetSupplies,42161,13229,67814,15020
4148,PetSupplies,16596,7173,90946,17341
4149,PetSupplies,42643,14740,167805,27694
4150,PetSupplies,9012,3018,44048,12350
4151,PetSupplies,54813,7673,252271,58678
4152,PetSupplies,9940,885,86567,12481
4153,PetSupplies,33927,8709,135628,35569
4154,PetSupplies,10177,1165,38341,7163
4155,PetSupplies,76130,9405,33943,4934
4156,PetSupplies,26188,6758,493427,124468
4157,PetSupplies,45029,10321,73732,15876
4158,PetSupplies,48988,11454,54205,10539
4159,PetSupplies,21983,5596,49047,6952
4160,PetSupplies,17893,9744,48512,10452
4161,PetSupplies,30541,4444,146751,34892
4162,PetSupplies,55151,11834,99231,19745
4163,PetSupplies,17666,3437,41875,7721
4164,PetSupplies,51642,9972,58389,9083
4165,PetSupplies,11902,2291,183177,42140
4166,PetSupplies,17118,8414,70168,11558
4167,PetSupplies,50281,10382,48764,11362
4168,PetSupplies,53519,6058,201451,30386
4169,PetSupplies,14960,2179,121853,21682
4170,PetSupplies,27606,3194,32542,6921
4171,PetSupplies,20822,2642,55104,8690
4172,PetSupplies,76457,25901,62862,11999
4173,PetSupplies,37721,8062,269132,51951
4174,PetSupplies,25107,7466,173505,31557
4175,PetSupplies,16406,4203,60771,11763
4176,PetSupplies,19337,3583,74206,15030
4177,PetSupplies,11309,5992,21657,4508
4178,PetSupplies,23959,4745,18264,3217
4179,PetSupplies,32418,11220,174948,30882
4180,PetSupplies,11822,2854,52546,10991
4181,PetSupplies,5544,2587,184737,48014
4182,Clothing,2409,228,183695,40393
4183,Clothing,2353,202,123963,43493
4184,Clothing,845,174,41588,9199
4185,Clothing,2032,90,44427,11271
4186,Clothing,3087,493,24884,8105
4187,Clothing,1027,131,27382,7438
4188,Clothing,4825,290,51445,12819
4189,Clothing,1155,136,39906,11902
4190,Clothing,2383,291,59642,12666
4191,Clothing,6103,364,98806,34950
4192,Clothing,2416,256,40086,11604
4193,Clothing,2912,317,139899,40607
4194,Clothing,4411,545,33493,8962
4195,Clothing,12091,739,31780,7303
4196,Clothing,4194,225,49633,10284
4197,Clothing,3958,256,155050,33719
4198,Clothing,8243,560,46318,13288
4199,Clothing,7735,1017,53792,22394
4200,Clothing,4140,313,125249,34680
4201,Clothing,2395,217,54542,20050
4202,Clothing,2962,209,55724,14406
4203,Clothing,1195,237,69873,28235
4204,Clothing,4561,350,62210,16489
4205,Clothing,8828,987,125432,37672
4206,Clothing,1069,160,93146,22163
4207,Clothing,3448,198,63033,19298
4208,Clothing,3730,214,60384,18765
4209,Clothing,3658,296,24758,5628
4210,Clothing,4570,296,50307,11356
4211,Clothing,1570,119,67514,19227
4212,Clothing,6853,432,103364,37812
4213,Clothing,10993,799,121876,37388
4214,Clothing,8023,467,67457,20056
4215,Clothing,5106,481,80028,22612
4216,Clothing,3445,562,73620,19068
4217,Clothing,2479,308,53886,14099
4218,Clothing,3885,318,43202,9871
4219,Clothing,11583,1637,170014,65038
4220,Clothing,4118,549,53343,13911
4221,Clothing,3461,323,115405,38459
4222,Clothing,2037,281,61359,19379
4223,Clothing,1459,196,43466,14773
4224,Clothing,10561,789,124684,33400
4225,Clothing,5601,417,45365,13652
4226,Clothing,5127,410,52328,17139
4227,Clothing,6443,680,102868,23801
4228,Clothing,4431,944,344871,126339
4229,Clothing,1815,438,89449,28327
4230,Clothing,7388,735,74981,22075
4231,Clothing,3209,390,44255,14897
4232,Clothing,2263,145,169492,54465
4233,Clothing,5296,430,101535,28301
4234,Clothing,3394,458,73327,20451
4235,Clothing,6948,481,145520,38506
4236,Clothing,4915,451,51087,12711
4237,Clothing,4423,394,139795,44670
4238,Clothing,2195,238,138669,33549
4239,Clothing,4717,484,75196,26937
4240,Clothing,1356,283,60979,16615
4241,Clothing,3325,271,88491,31365
4242,Clothing,9486,999,85730,22976
4243,Clothing,5369,1256,57174,14732
4244,Clothing,2314,285,70107,17539
4245,Clothing,2868,534,65121,16761
4246,Clothing,2829,634,50448,15232
4247,Clothing,12614,1230,80360,27202
4248,Clothing,3730,275,75426,18138
4249,Clothing,5683,768,51689,16771
4250,Clothing,3779,176,93300,22079
4251,Clothing,8966,871,75501,30868
4252,Clothing,3744,316,182446,52209
4253,Clothing,6651,570,49593,14675
4254,Clothing,2892,347,100330,20228
4255,Clothing,5594,326,150362,58342
4256,Clothing,5356,384,71941,20454
4257,Clothing,12805,1150,76028,18969
4258,Clothing,4990,986,52543,15077
4259,Clothing,7832,652,64476,15878
4260,Clothing,3010,255,46781,12381
4261,Clothing,1891,289,147997,38651
4262,Clothing,5575,1310,280429,82065
4263,Clothing,2186,192,85352,16945
4264,Clothing,5726,529,41316,11372
4265,Clothing,6196,1179,310534,79335
4266,Clothing,3289,272,82048,25494
4267,Clothing,9872,1078,53592,11861
4268,Clothing,9284,641,108132,24384
4269,Clothing,4286,452,88303,24973
4270,Clothing,3598,427,43478,10048
4271,Clothing,4638,582,104156,26383
4272,Clothing,1354,71,23495,6563
4273,Clothing,5168,642,115377,40248
4274,Clothing,13336,1021,138278,28072
4275,Clothing,4946,404,92991,24633
4276,Clothing,2282,160,86889,26749
4277,Clothing,7813,534,87189,23692
4278,Clothing,2455,215,54773,14585
4279,Clothing,5038,370,116400,35466
4280,Clothing,3692,433,61396,17028
4281,Clothing,2489,240,121200,38806
4282,Clothing,4699,387,128311,39802
4283,Clothing,9615,907,93256,21743
4284,Clothing,1728,333,68068,15838
4285,Clothing,4888,733,166188,44625
4286,Clothing,4248,412,75455,23365
4287,Clothing,7505,630,42410,10884
4288,Clothing,1290,154,69484,19430
4289,Clothing,3894,585,85352,21947
4290,Clothing,2183,301,71958,22706
4291,Clothing,3872,390,63423,19722
4292,Clothing,3529,331,107458,29531
4293,Clothing,2072,273,36767,13940
4294,Clothing,1690,157,95212,18986
4295,Clothing,2845,230,60838,21914
4296,Clothing,3300,236,71733,24109
4297,Clothing,5589,331,45498,10059
4298,Clothing,2447,230,56382,15148
4299,Clothing,5163,718,48893,11770
4300,Clothing,2987,514,74468,19346
4301,Clothing,4981,895,75899,21263
4302,Clothing,6327,615,157775,42820
4303,Clothing,2701,487,42895,10525
4304,Clothing,1652,242,37709,12129
4305,Clothing,3809,294,82617,26635
4306,Clothing,7608,1586,262855,72162
4307,Clothing,6217,414,68422,25043
4308,Clothing,3747,607,157229,35719
4309,Clothing,3138,508,92379,23038
4310,Clothing,3976,434,86066,19591
4311,Clothing,4027,159,74216,25159
4312,Clothing,8472,948,79681,19152
4313,Clothing,6776,990,104508,31614
4314,Clothing,2605,359,68288,23438
4315,Clothing,5997,578,66783,17131
4316,Clothing,2258,108,48217,15271
4317,Clothing,12634,874,123344,28005
4318,Clothing,5571,1007,233467,67660
4319,Clothing,4214,281,91336,22052
4320,Clothing,9187,787,65300,19812
4321,Clothing,1221,93,85325,29139
4322,Clothing,5057,424,118310,33718
4323,Clothing,5776,392,133201,49357
4324,Clothing,1438,166,66603,15418
4325,Clothing,5109,617,171648,49660
4326,Clothing,4583,846,25083,7007
4327,Clothing,4584,424,325165,92312
4328,Clothing,2145,262,97480,26085
4329,Clothing,4813,818,45294,10611
4330,Clothing,6887,412,73435,21574
4331,Clothing,4240,292,151810,53051
4332,Clothing,6196,742,69384,22143
4333,Clothing,3629,535,33561,10210
4334,Clothing,6594,593,98661,29836
4335,Clothing,5634,376,176676,42322
4336,Clothing,3803,674,45540,12991
4337,Clothing,13929,1524,197308,51340
4338,Clothing,6910,589,44173,12860
4339,Clothing,9536,786,143983,40109
4340,Clothing,2376,291,51184,15033
4341,Clothing,4371,480,47236,13011
4342,Clothing,6490,449,83633,28002
4343,Clothing,4459,528,39572,7765
4344,Clothing,4323,182,64731,21596
4345,Clothing,5785,729,30140,9674
4346,Clothing,4343,336,72225,24066
4347,Clothing,6662,470,49087,13217
4348,Clothing,2181,301,54352,16365
4349,Clothing,10444,845,173437,49703
4350,Clothing,2757,369,91981,24088
4351,Clothing,1434,98,171884,53314
4352,Clothing,1811,170,43586,9563
4353,Clothing,10407,1453,98041,24330
4354,Clothing,3126,364,54926,18332
4355,Clothing,5161,354,126112,40989
4356,Clothing,2923,433,111021,24334
4357,Clothing,3507,593,65952,18977
4358,Clothing,1732,277,37820,9937
4359,Clothing,1523,272,69252,30741
4360,Clothing,2262,734,131261,37255
4361,Clothing,1523,188,30565,9762
4362,Clothing,6851,2053,77605,19442
4363,Clothing,4098,469,71479,16722
4364,Clothing,9676,407,223037,67229
4365,Clothing,8633,1287,69390,18445
4366,Clothing,3987,524,76580,19009
4367,Clothing,12063,797,80395,18272
4368,Clothing,13290,1610,156415,38404
4369,Clothing,5642,415,83194,22327
4370,Clothing,6426,459,91388,29438
4371,Clothing,1508,130,74946,14919
4372,Clothing,3697,339,44594,11647
4373,Clothing,2806,285,100937,30140
4374,Clothing,2062,174,75211,20689
4375,Clothing,3324,199,52673,22218
4376,Clothing,5567,445,82013,29045
4377,Clothing,5959,315,43758,12851
4378,Clothing,3720,392,94247,27629
4379,Clothing,7577,654,149954,51680
4380,Clothing,2165,158,49140,13824
4381,Clothing,3006,267,44807,12365
4382,Clothing,2713,189,54908,13166
4383,Clothing,3108,472,79039,31423
4384,Clothing,1610,118,154244,44139
4385,Clothing,1361,277,35189,10327
4386,Clothing,2702,540,154594,47676
4387,Clothing,2742,310,77583,18540
4388,Clothing,3180,418,57552,19512
4389,Clothing,6291,685,78849,22209
4390,Clothing,2939,294,45698,14843
4391,Clothing,2404,180,71633,19396
4392,Clothing,2366,260,57668,11891
4393,Clothing,4045,417,151619,41147
4394,Clothing,7737,415,61577,19654
4395,Clothing,3567,259,131987,49657
4396,Clothing,1187,215,52320,17135
4397,Clothing,3106,255,44527,8488
4398,Clothing,2233,272,84507,21441
4399,Clothing,6378,601,100625,20983
4400,Clothing,6594,293,223116,61687
4401,Clothing,5059,480,84316,22157
4402,Clothing,1123,209,51858,16090
4403,Clothing,5744,317,47621,17556
4404,Clothing,1401,440,88493,25044
4405,Clothing,6652,346,104396,44636
4406,Clothing,1904,159,70425,19193
4407,Clothing,1557,73,39672,8727
4408,Clothing,2785,488,59147,17356
4409,Clothing,4568,491,30072,9131
4410,Clothing,3463,595,103779,43732
4411,Clothing,17582,1062,55524,16646
4412,Clothing,1513,100,66952,17650
4413,Clothing,8624,1325,112891,28050
4414,Clothing,4741,304,246302,75227
4415,Clothing,2119,213,65137,20320
4416,Clothing,9862,923,76708,23267
4417,Clothing,4157,396,52059,14488
4418,Clothing,7697,1025,96502,21606
4419,Clothing,2721,385,82959,22725
4420,Clothing,2644,203,96006,17828
4421,Clothing,3500,472,83963,19407
4422,Clothing,7965,504,64328,16636
4423,Clothing,3805,464,236958,83886
4424,Clothing,5284,291,66965,20781
4425,Clothing,6695,424,76407,22157
4426,Clothing,3112,655,139842,42931
4427,Clothing,2538,178,96359,25482
4428,Clothing,11390,1189,152756,49925
4429,Clothing,2646,333,43114,16218
4430,Clothing,6620,650,214837,51017
4431,Clothing,5653,786,61665,15905
4432,Clothing,6787,431,88601,26276
4433,Clothing,3834,870,48363,12882
4434,Clothing,2635,191,169873,42083
4435,Clothing,6304,458,122723,34144
4436,Clothing,3358,188,56646,17333
4437,Clothing,9892,681,99432,29383
4438,Clothing,4195,274,427034,140770
4439,Clothing,7623,486,70307,16822
4440,Clothing,5765,569,107131,26124
4441,Clothing,7809,709,35828,10529
4442,Clothing,5729,593,59424,11643
4443,Clothing,4844,847,127861,32007
4444,Clothing,1836,326,86731,39366
4445,Clothing,3163,636,42478,14741
4446,Clothing,14666,546,50926,17128
4447,Clothing,2942,180,76334,18809
4448,Clothing,3077,275,280752,67384
4449,Clothing,3238,345,54925,15283
4450,Clothing,2829,518,51875,14960
4451,Clothing,2620,298,95771,21224
4452,Clothing,2507,235,56983,14160
4453,Clothing,3288,394,36626,9672
4454,Clothing,7411,827,32966,11003
4455,Clothing,4863,399,73866,22792
4456,Clothing,10535,814,85240,35845
4457,Clothing,9273,655,173807,70197
4458,Clothing,7456,369,101216,22988
4459,Clothing,3804,803,113263,29724
4460,Clothing,2811,556,126793,37258
4461,Clothing,7187,743,198799,43724
4462,Clothing,699,173,96982,25977
4463,Clothing,4487,372,96185,22317
4464,Clothing,2523,411,106662,33586
4465,Clothing,2967,209,134333,38554
4466,Clothing,1091,156,113437,28605
4467,Clothing,5644,497,162536,47990
4468,Clothing,4577,461,113099,40723
4469,Clothing,5799,616,43525,14795
4470,Clothing,3648,601,117395,29020
4471,Clothing,5332,803,50709,22637
4472,Clothing,2765,279,89019,29373
4473,Clothing,7390,594,127884,41692
4474,Clothing,1345,215,47317,11386
4475,Clothing,2794,273,252456,69601
4476,Clothing,3104,349,32531,11164
4477,Clothing,3211,257,56627,12574
4478,Clothing,1753,320,185977,48116
4479,Clothing,4780,635,35201,11320
4480,Clothing,2675,229,215150,74992
4481,Clothing,2828,234,73521,16562
4482,Clothing,3213,390,44542,15030
4483,Clothing,3006,254,77291,23322
4484,Clothing,9932,1078,20021,4371
4485,Clothing,3785,545,43232,8553
4486,Clothing,8573,1105,48606,14582
4487,Clothing,4802,278,144173,52418
4488,Clothing,2860,381,129451,42226
4489,Clothing,6064,250,93021,46364
4490,Clothing,3808,446,92790,24750
4491,Clothing,4400,413,196889,51603
4492,Clothing,2571,334,27319,8727
4493,Clothing,9008,615,53161,14883
4494,Clothing,4441,596,93897,19562
4495,Clothing,3472,342,69591,17302
4496,Clothing,3817,395,47292,13838
4497,Clothing,4075,252,61186,15883
4498,Clothing,3906,307,80498,27628
4499,Clothing,14407,807,107947,33675
4500,Clothing,4128,359,49193,17243
4501,Clothing,3397,444,30979,10834
4502,Clothing,1711,433,80417,25480
4503,Clothing,3850,383,144571,36043
4504,Clothing,8595,610,173022,60490
4505,Clothing,6063,642,89854,21762
4506,Clothing,3170,487,48663,13231
4507,Clothing,5098,287,63129,17024
4508,Clothing,8043,982,84670,23769
4509,Clothing,2518,375,37210,7891
4510,Clothing,7125,1037,79509,25718
4511,Clothing,8116,509,102006,28446
4512,Clothing,4662,357,94457,18461
4513,Clothing,6636,576,221460,81764
4514,Clothing,2433,216,185328,45745
4515,Clothing,8843,563,119085,29300
4516,Clothing,5545,727,104852,28827
4517,Clothing,983,279,52900,15291
4518,Clothing,7991,1026,259628,105763
4519,Clothing,4706,398,168995,43506
4520,Clothing,6013,680,53400,14977
4521,Clothing,5410,682,51754,15064
4522,Clothing,4708,467,145787,28518
4523,Clothing,4039,406,56789,12821
4524,Clothing,2456,579,97005,34929
4525,Clothing,3698,435,58806,17928
4526,Clothing,2033,356,70171,24308
4527,Clothing,9641,388,113618,36738
4528,Clothing,3599,541,112941,39612
4529,Clothing,2785,279,65469,17980
4530,Clothing,1885,301,57328,16771
4531,Clothing,1521,161,79728,15135
4532,Clothing,5820,305,62336,14234
4533,Clothing,6496,755,149575,45440
4534,Clothing,3281,543,151434,58508
4535,Clothing,3957,285,178616,50580
4536,Clothing,12267,1398,83700,25166
4537,Clothing,1806,210,60609,16366
4538,Clothing,3745,199,115787,46339
4539,Clothing,7484,910,29531,10438
4540,Clothing,4456,551,250855,70027
4541,Clothing,3290,879,266099,65968
4542,Clothing,926,183,71279,17826
4543,Clothing,4341,576,114406,45966
4544,Clothing,15589,752,46016,12835
4545,Clothing,5025,327,66908,19077
4546,Clothing,3523,364,166988,54467
4547,Clothing,3134,448,56952,18407
4548,Clothing,2094,228,66378,17160
4549,Clothing,1873,398,94395,36158
4550,Clothing,3068,347,58304,10189
4551,Clothing,1505,416,19097,6497
4552,Clothing,25381,2299,177367,55983
4553,Clothing,6480,370,168629,40528
4554,Clothing,7012,477,73900,21603
4555,Clothing,2468,422,106206,31442
4556,Clothing,4432,400,116436,25209
4557,Clothing,1310,147,31734,10808
4558,Clothing,4778,613,61884,10699
4559,Clothing,1600,316,60264,21688
4560,Clothing,5198,599,59116,14764
4561,Clothing,1860,357,127116,46692
4562,Clothing,1774,222,54365,18512
4563,Clothing,3742,317,152963,50240
4564,Clothing,5798,529,104976,25566
4565,Clothing,5520,368,35130,10258
4566,Clothing,5534,511,114388,34747
4567,Clothing,3564,489,75192,21933
4568,Clothing,1795,182,65954,21047
4569,Clothing,8781,443,218551,58997
4570,Clothing,5896,342,60449,16260
4571,Clothing,1986,318,29972,9084
4572,Clothing,3132,264,128754,38586
4573,Clothing,5666,535,48370,16256
4574,Clothing,5746,1139,100576,30890
4575,Clothing,16426,1369,146035,37388
4576,Clothing,5441,435,87474,24557
4577,Clothing,2227,178,109132,24939
4578,Clothing,1920,403,70459,20487
4579,Clothing,1966,212,91620,22494
4580,Clothing,4110,486,141873,45627
4581,Clothing,4487,333,99322,31553
4582,Clothing,6962,954,168809,42465
4583,Clothing,3262,205,73134,26021
4584,Clothing,1937,273,53438,14736
4585,Clothing,3129,407,48342,14192
4586,Clothing,1275,141,93378,21907
4587,Clothing,3639,306,30280,9393
4588,Clothing,7374,976,109758,34581
4589,Clothing,4799,354,111811,30117
4590,Clothing,5143,380,131944,39484
4591,Clothing,3661,755,70922,21009
4592,Clothing,9634,547,73378,19587
4593,Clothing,9884,945,165032,44492
4594,Clothing,4753,314,110557,31609
4595,Clothing,9672,826,201996,56617
4596,Clothing,14552,1240,212208,53610
4597,Clothing,7948,1491,121451,32266
4598,Clothing,1939,225,70643,27947
4599,Clothing,2391,419,84133,28150
4600,Clothing,2778,169,59705,17567
4601,Clothing,3484,391,153186,35732
4602,Clothing,10703,868,119914,39989
4603,Clothing,5082,285,147143,55559
4604,Clothing,1570,108,92579,31077
4605,Clothing,7016,526,91586,21346
4606,Clothing,3447,150,109275,28586
4607,Clothing,791,109,86457,20266
4608,Clothing,2096,321,54240,11958
4609,Clothing,3959,364,49097,14309
4610,Clothing,4055,536,79807,20747
4611,Clothing,2404,131,35694,13067
4612,Clothing,5194,197,125977,38328
4613,Clothing,4059,403,49893,15426
4614,Clothing,3027,237,123069,34431
4615,Clothing,3153,204,170066,48937
4616,Clothing,3906,321,110091,37022
4617,Clothing,7470,456,76021,21271
4618,Clothing,1840,167,72228,22748
4619,Clothing,4049,406,291579,88365
4620,Clothing,5625,517,43311,15967
4621,Clothing,3232,337,76284,19007
4622,Clothing,2910,633,36028,9518
4623,Clothing,6579,435,84524,22263
4624,Clothing,3327,319,125261,33728
4625,Clothing,1958,381,89762,21928
4626,Clothing,2320,225,59140,15647
4627,Clothing,6578,303,205522,59360
4628,Clothing,1447,202,80740,22529
4629,Clothing,5045,404,71876,21759
4630,Clothing,2118,332,58190,12519
4631,Clothing,3558,253,112668,28603
4632,Clothing,5141,440,66656,17864
4633,Clothing,4887,473,30248,7331
4634,Clothing,2172,230,69550,20573
4635,Clothing,2729,494,30628,7587
4636,Clothing,4731,501,199605,48087
4637,Clothing,4900,507,162616,40188
4638,Clothing,5688,281,73148,20722
4639,Clothing,5107,321,95373,24245
4640,Clothing,1527,164,116648,41156
4641,Clothing,7252,383,127957,52950
4642,Clothing,10870,789,119911,45029
4643,Clothing,2407,323,88679,15967
4644,Clothing,1836,323,32467,8750
4645,Clothing,4745,307,144642,56423
4646,Clothing,6056,587,55169,14298
4647,Clothing,5938,275,52272,13953
4648,Clothing,2165,260,70164,18992
4649,Clothing,4482,448,97395,26206
4650,Clothing,5075,310,96311,21368
4651,Clothing,3874,418,63009,16617
4652,Clothing,3166,588,72686,23530
4653,Clothing,5552,628,118807,45060
4654,Clothing,1440,205,126099,45550
4655,Clothing,2829,542,37196,10851
4656,Clothing,5315,521,24867,7795
4657,Clothing,6208,434,87426,27029
4658,Clothing,3111,195,49849,13352
4659,Clothing,2948,178,87014,33660
4660,Clothing,6630,1765,107359,36189
4661,Clothing,2218,370,109544,36086
4662,Clothing,8415,1063,161733,50347
4663,Clothing,5227,441,61264,20113
4664,Clothing,5514,348,115004,26679
4665,Clothing,4813,623,119768,31860
4666,Clothing,5136,281,58063,15231
4667,Clothing,6667,660,69371,18893
4668,Clothing,18815,1186,208592,61446
4669,Clothing,2657,209,44480,17809
4670,Clothing,2056,298,164758,48703
4671,Clothing,3782,181,121385,26261
4672,Clothing,6002,429,52643,10598
4673,Clothing,2626,380,92600,32678
4674,Clothing,5379,362,103977,23197
4675,Clothing,5129,259,159814,39525
4676,Clothing,987,64,56000,16948
4677,Clothing,2665,385,35833,13006
4678,Clothing,7274,1249,93923,23186
4679,Clothing,5419,680,94766,21334
4680,Clothing,4236,362,344861,100986
4681,Clothing,2890,332,61534,19581
4682,Clothing,5363,431,73394,18553
4683,Clothing,3136,490,90044,26631
4684,Clothing,5064,338,43899,10262
4685,Clothing,5412,415,50002,15048
4686,Clothing,6088,1308,307818,77245
4687,Clothing,3004,488,63762,18923
4688,Clothing,2613,541,98201,23198
4689,Clothing,9005,817,81001,22089
4690,Clothing,4187,296,64674,15372
4691,Clothing,5627,439,62438,15614
4692,Clothing,4586,420,55046,14911
4693,Clothing,3274,180,38857,10018
4694,Clothing,2099,346,168707,49619
4695,Clothing,2430,282,148032,32260
4696,Clothing,4131,404,115941,40869
4697,Clothing,6182,409,83508,29018
4698,Clothing,3478,245,44431,11676
4699,Clothing,7486,508,86838,25691
4700,Clothing,4731,267,167049,42807
4701,Clothing,1687,125,173074,26657
4702,Footwear,13222,1564,263047,76474
4703,Footwear,7628,567,112456,43583
4704,Footwear,5864,683,289604,57201
4705,Footwear,11095,2133,127620,49094
4706,Footwear,9913,660,187457,44802
4707,Footwear,29879,3610,217122,71706
4708,Footwear,12800,922,240877,69693
4709,Footwear,12787,1306,324372,117330
4710,Footwear,11245,1089,167876,37158
4711,Footwear,7140,805,174742,36665
4712,Footwear,6260,756,114651,20447
4713,Footwear,5645,510,239334,67851
4714,Footwear,3357,482,357255,78817
4715,Footwear,6863,1053,141597,41770
4716,Footwear,16011,1728,145460,44380
4717,Footwear,9807,553,175791,38766
4718,Footwear,4086,528,162289,46900
4719,Footwear,9504,1081,153253,42924
4720,Footwear,14317,1191,162432,54178
4721,Footwear,7650,641,61629,18971
4722,Footwear,7710,814,160034,43340
4723,Footwear,13548,1495,151258,45024
4724,Footwear,7721,741,270302,92247
4725,Footwear,9783,481,82634,25646
4726,Footwear,8243,606,112336,28636
4727,Footwear,11440,1289,147396,43008
4728,Footwear,7193,910,190440,46764
4729,Footwear,21762,2288,171624,59918
4730,Footwear,10283,1362,112540,37265
4731,Footwear,17668,2213,107789,22047
4732,Footwear,10111,1006,106570,32779
4733,Footwear,4648,514,119727,37635
4734,Footwear,7162,468,103837,19519
4735,Footwear,3775,499,176322,63123
4736,Footwear,10565,692,190649,61351
4737,Footwear,15798,848,228177,67167
4738,Footwear,6667,886,256910,87928
4739,Footwear,11657,1110,124548,29709
4740,Footwear,3190,378,202349,77888
4741,Footwear,17496,1494,208532,58974
4742,Footwear,20896,2258,81759,24938
4743,Footwear,16343,2062,389453,131305
4744,Footwear,11985,1210,117972,32877
4745,Footwear,9461,1267,241940,75092
4746,Footwear,11433,1066,117096,29435
4747,Footwear,14235,1253,199366,51263
4748,Footwear,7004,673,188372,68401
4749,Footwear,8570,872,167648,73041
4750,Footwear,8215,811,141138,30175
4751,Footwear,12881,1085,163290,48712
4752,Footwear,7148,957,177233,44341
4753,Footwear,12819,1370,194223,66523
4754,Footwear,7810,976,210943,54102
4755,Footwear,12504,2228,246542,64154
4756,Footwear,4559,525,263798,61846
4757,Footwear,10777,1125,150675,68535
4758,Footwear,10435,1394,121852,38603
4759,Footwear,17717,1549,270490,69256
4760,Footwear,5169,453,108252,26378
4761,Footwear,8222,528,166800,52745
4762,Footwear,4701,721,174393,51586
4763,Footwear,13327,1615,252763,81790
4764,Footwear,9959,901,243487,80419
4765,Footwear,13876,795,172348,67859
4766,Footwear,13417,880,162505,49243
4767,Footwear,18680,1127,111527,26776
4768,Footwear,7423,550,175933,53876
4769,Footwear,13073,1624,122194,37725
4770,Footwear,14979,1364,178181,33789
4771,Footwear,13931,1386,415625,115879
4772,Footwear,5767,507,82129,18056
4773,Footwear,10976,594,156415,45559
4774,Footwear,9902,993,88915,30249
4775,Footwear,4384,481,165324,42676
4776,Footwear,4878,718,289280,72450
4777,Footwear,6220,593,96066,21167
4778,Footwear,10758,994,269675,72088
4779,Footwear,3555,635,76563,17866
4780,Footwear,15867,1977,234043,80067
4781,Footwear,10560,642,86097,25629
4782,Footwear,5464,870,88372,22601
4783,Footwear,5571,754,74786,22618
4784,Footwear,6122,437,116602,26353
4785,Footwear,8895,1155,91868,29026
4786,Footwear,9685,774,162106,34048
4787,Footwear,4035,518,79136,16655
4788,Footwear,13801,1587,83775,22057
4789,Footwear,9435,711,136320,50174
4790,Footwear,12317,865,168702,48436
4791,Footwear,8978,1400,173717,66908
4792,Footwear,10671,910,221581,65531
4793,Footwear,6415,603,99979,21799
4794,Footwear,15966,1834,168627,47113
4795,Footwear,11916,1145,209913,48574
4796,Footwear,7072,887,80910,34210
4797,Footwear,8934,826,224561,73217
4798,Footwear,7557,1594,210754,67302
4799,Footwear,9525,908,180619,55146
4800,Footwear,9679,902,213576,57489
4801,Footwear,10789,807,259969,89151
4802,Footwear,9933,1196,168559,49214
4803,Footwear,8262,1044,247855,51939
4804,Footwear,7070,489,305337,99361
4805,Footwear,5577,361,141204,38648
4806,Footwear,8905,1058,492764,218351
4807,Footwear,7682,956,182412,69010
4808,Footwear,6236,805,249807,79191
4809,Footwear,7238,820,126018,40916
4810,Footwear,7181,853,215931,56497
4811,Footwear,8291,600,175500,64268
4812,Footwear,4567,494,126069,29919
4813,Footwear,9283,812,145257,53471
4814,Footwear,11689,1195,210728,58365
4815,Footwear,17174,2943,143354,37972
4816,Footwear,9752,797,130623,34522
4817,Footwear,13478,1507,112785,29865
4818,Footwear,9666,1189,248962,77649
4819,Footwear,5617,816,87328,22855
4820,Footwear,8147,851,161827,42367
4821,Footwear,8833,2045,154072,36525
4822,Footwear,8297,513,145830,38387
4823,Footwear,8082,1566,177088,58973
4824,Footwear,13516,1158,169906,38886
4825,Footwear,5798,762,62264,17294
4826,Footwear,15220,1068,151116,35018
4827,Footwear,11127,849,285884,88555
4828,Footwear,5053,629,176667,58544
4829,Footwear,4476,454,101008,24492
4830,Footwear,16633,2126,174730,53227
4831,Footwear,6662,426,136765,52346
4832,Footwear,5250,599,126238,37808
4833,Footwear,7203,778,119995,46841
4834,Footwear,12453,1128,240167,58886
4835,Footwear,6065,735,170235,57030
4836,Footwear,5310,487,97969,33146
4837,Footwear,9025,638,75333,25156
4838,Footwear,7213,685,158417,47324
4839,Footwear,9445,665,186146,69007
4840,Footwear,4772,382,193032,57516
4841,Footwear,9372,784,628838,189082
4842,Footwear,9167,1214,190286,64186
4843,Footwear,8106,1118,239409,54111
4844,Footwear,3932,420,167063,43967
4845,Footwear,8328,763,147571,42879
4846,Footwear,6985,1366,106967,38105
4847,Footwear,15072,1528,206601,63101
4848,Footwear,7550,935,208607,42230
4849,Footwear,11343,970,146541,29141
4850,Footwear,9266,676,128834,29059
4851,Footwear,8147,724,203054,58182
4852,Footwear,13431,1151,138178,25681
4853,Footwear,11850,1511,210356,53592
4854,Footwear,11468,817,89866,24453
4855,Footwear,7703,765,136432,39413
4856,Footwear,11660,850,137885,36499
4857,Footwear,7974,1255,108804,26300
4858,Footwear,8470,1077,76647,22900
4859,Footwear,8094,974,126525,44486
4860,Footwear,6325,497,240177,73034
4861,Footwear,7283,634,271707,82835
4862,Footwear,8746,754,455178,206992
4863,Footwear,7210,481,138722,44560
4864,Footwear,5653,433,129862,39900
4865,Footwear,4515,700,194568,54146
4866,Footwear,10923,1036,264046,71685
4867,Footwear,13756,1472,221020,60903
4868,Footwear,8829,973,188947,51949
4869,Footwear,7088,1072,197674,43572
4870,Footwear,41829,1872,171882,42325
4871,Footwear,9656,603,107736,34538
4872,Footwear,5184,513,130516,36412
4873,Footwear,19946,1490,170274,45473
4874,Footwear,10007,1356,69344,25972
4875,Footwear,8750,750,198384,48094
4876,Footwear,6189,598,225879,74614
4877,Footwear,5794,870,174978,61742
4878,Footwear,4725,702,76439,23128
4879,Footwear,8890,864,166317,42766
4880,Footwear,14457,1148,175067,52929
4881,Footwear,16518,1374,189193,52398
4882,Footwear,8157,848,224929,53323
4883,Footwear,20145,1046,213044,87224
4884,Footwear,4374,485,149686,51192
4885,Footwear,6928,1212,134477,42809
4886,Footwear,13502,1317,339573,63810
4887,Footwear,14652,1331,226004,54343
4888,Footwear,8217,805,160308,39180
4889,Footwear,6343,577,161733,46811
4890,Footwear,8096,458,95501,39821
4891,Footwear,5673,568,96672,25088
4892,Footwear,12166,949,187407,47877
4893,Footwear,9591,790,296079,126757
4894,Footwear,14090,1160,62203,15216
4895,Footwear,11841,893,142314,49889
4896,Footwear,9338,1195,372554,81233
4897,Footwear,8854,796,196347,51080
4898,Footwear,18004,1011,128289,41867
4899,Footwear,4148,393,64793,24907
4900,Footwear,32246,3189,188467,62272
4901,Footwear,9936,969,112078,25155
4902,Bedding,13044,616,107464,32575
4903,Bedding,74648,1539,123840,38198
4904,Bedding,114971,2576,372787,89337
4905,Bedding,33501,947,78518,21454
4906,Bedding,18179,590,126843,32188
4907,Bedding,27492,851,191880,53503
4908,Bedding,14403,471,49127,10392
4909,Bedding,41250,821,134926,36527
4910,Bedding,12780,700,173679,48797
4911,Bedding,45045,1307,167474,45489
4912,Bedding,26893,1247,72879,32694
4913,Bedding,32662,1357,313613,51459
4914,Bedding,38134,1687,158200,40555
4915,Bedding,27801,1368,172016,52489
4916,Bedding,41870,1324,118667,29339
4917,Bedding,41021,1362,69352,19229
4918,Bedding,64100,1504,114453,28632
4919,Bedding,60230,1264,126897,37274
4920,Bedding,112273,2009,154671,44389
4921,Bedding,82123,4693,124547,34810
4922,Bedding,61188,2858,152993,28102
4923,Bedding,32090,779,174381,51861
4924,Bedding,20870,996,42090,15539
4925,Bedding,17790,560,111033,24164
4926,Bedding,105568,1765,130497,28606
4927,Bedding,53165,1691,66084,15802
4928,Bedding,65850,1887,90941,17494
4929,Bedding,50466,700,139072,33507
4930,Bedding,71208,1103,400791,118037
4931,Bedding,58597,2942,167372,50982
4932,Bedding,29693,836,130119,45476
4933,Bedding,24815,387,87749,23999
4934,Bedding,29998,752,171448,44130
4935,Bedding,32453,1313,133424,40834
4936,Bedding,53113,2295,136302,32337
4937,Bedding,28506,623,113002,28113
4938,Bedding,54416,894,156159,44870
4939,Bedding,50170,1936,347959,109888
4940,Bedding,29472,646,273418,75028
4941,Bedding,41347,763,144251,44236
4942,Bedding,28009,1101,113815,36177
4943,Bedding,13735,451,113750,32348
4944,Bedding,40775,1089,170139,41640
4945,Bedding,49543,1015,72317,21839
4946,Bedding,47948,2075,110623,34898
4947,Bedding,24182,722,117643,37439
4948,Bedding,51558,729,180153,54059
4949,Bedding,21387,1056,165706,54180
4950,Bedding,62368,1771,154241,53920
4951,Bedding,39509,803,153586,39148
4952,Bedding,44684,958,76287,20652
4953,Bedding,33572,1228,89693,23228
4954,Bedding,20229,1136,117715,28240
4955,Bedding,57779,2182,180070,41858
4956,Bedding,49367,1222,211304,64367
4957,Bedding,56482,1889,166614,54299
4958,Bedding,68567,1324,154140,42696
4959,Bedding,16796,587,227537,69589
4960,Bedding,58973,1428,432559,122289
4961,Bedding,74605,2710,237176,73714
4962,Bedding,26557,461,250119,65553
4963,Bedding,43174,1628,167678,48036
4964,Bedding,52987,1107,177108,47871
4965,Bedding,26320,503,89878,26532
4966,Bedding,42991,1389,199188,63402
4967,Bedding,50702,799,255276,65403
4968,Bedding,44198,2064,202160,46353
4969,Bedding,40790,1281,206281,41829
4970,Bedding,57518,1513,134599,31620
4971,Bedding,56414,2168,236065,53538
4972,Bedding,51055,1899,359140,64761
4973,Bedding,138949,4537,172530,46607
4974,Bedding,120017,2927,287434,68490
4975,Bedding,60679,1875,187554,38258
4976,Bedding,44671,1407,140697,32758
4977,Bedding,52132,1704,184796,38278
4978,Bedding,33758,971,172017,57306
4979,Bedding,64126,2100,325587,73656
4980,Bedding,150794,3359,176794,42209
4981,Bedding,85780,1421,119635,30492
4982,Bedding,62003,2021,235816,59504
4983,Bedding,40223,1297,69799,15164
4984,Bedding,76842,983,305636,92102
4985,Bedding,50973,961,200833,81265
4986,Bedding,27625,515,123848,34777
4987,Bedding,21344,602,46716,10204
4988,Bedding,51510,2977,214271,53151
4989,Bedding,70049,1201,178410,43419
4990,Bedding,56750,2182,79907,18741
4991,Bedding,20315,781,126634,22231
4992,Bedding,38679,539,165558,43237
4993,Bedding,33400,661,91489,36295
4994,Bedding,71664,1855,207272,37761
4995,Bedding,39457,1854,186158,51052
4996,Bedding,46415,1114,242966,75031
4997,Bedding,85585,2106,175292,39554
4998,Bedding,59411,1188,124936,36736
4999,Bedding,19992,464,76154,19752
5000,Bedding,78746,1479,233584,70600
5001,Bedding,46875,838,106061,33040
5002,Bedding,48368,1557,220351,75852
5003,Bedding,31140,1040,160217,37441
5004,Bedding,45557,1243,125884,47638
5005,Bedding,93811,5956,428254,104766
5006,Bedding,50794,1500,203460,64924
5007,Bedding,63422,802,182480,42420
5008,Bedding,75903,1454,170574,39585
5009,Bedding,41699,904,196372,73119
5010,Bedding,28875,774,45589,15941
5011,Bedding,33538,1134,153344,34515
5012,Bedding,41119,1452,157673,61084
5013,Bedding,14887,335,66188,20383
5014,Bedding,39882,1132,170771,54314
5015,Bedding,37157,595,157225,63694
5016,Bedding,53545,1794,182314,54835
5017,Bedding,60110,1302,233959,65450
5018,Bedding,91897,2081,174785,46575
5019,Bedding,64703,2162,229732,47862
5020,Bedding,27699,835,132180,28764
5021,Bedding,51559,682,148220,31608
5022,Bedding,27066,505,177511,48772
5023,Bedding,39333,585,94919,21888
5024,Bedding,45070,1246,84386,27387
5025,Bedding,51702,1076,115798,34930
5026,Bedding,102224,2157,466462,115996
5027,Bedding,62606,2027,246388,79407
5028,Bedding,28316,880,196214,58230
5029,Bedding,56350,1514,385758,155671
5030,Bedding,67555,884,154420,40378
5031,Bedding,57571,2651,349218,102366
5032,Bedding,87334,1314,219014,79217
5033,Bedding,38411,1378,46531,15074
5034,Bedding,154359,3790,211234,42516
5035,Bedding,47876,1185,66947,16813
5036,Bedding,34281,1198,83983,15030
5037,Bedding,77544,948,209681,69469
5038,Bedding,44841,2144,110558,29695
5039,Bedding,20245,625,210124,75160
5040,Bedding,95410,1326,241729,75844
5041,Bedding,39195,959,130824,40808
5042,PaperGoods,72305,1890,28859,3058
5043,PaperGoods,28724,1288,148117,15442
5044,PaperGoods,47634,2721,18734,2994
5045,PaperGoods,33725,1858,30058,3170
5046,PaperGoods,27121,1316,27562,4230
5047,PaperGoods,95720,2874,32726,3206
5048,PaperGoods,35605,1413,27986,3285
5049,PaperGoods,23383,680,33983,5165
5050,PaperGoods,48821,1627,77591,10787
5051,PaperGoods,14081,599,37652,6154
5052,PaperGoods,26655,585,18109,1866
5053,PaperGoods,38530,1323,73190,7891
5054,PaperGoods,25611,1050,63481,12065
5055,PaperGoods,17432,1126,40770,3592
5056,PaperGoods,36257,2097,71197,7439
5057,PaperGoods,38526,1513,70041,8386
5058,PaperGoods,36709,1517,34820,3137
5059,PaperGoods,58417,2485,58579,6266
5060,PaperGoods,52999,1685,43397,5337
5061,PaperGoods,39267,1416,24084,2988
5062,PaperGoods,31259,913,27328,5031
5063,PaperGoods,42737,1915,65929,9289
5064,PaperGoods,27387,1041,24529,2842
5065,PaperGoods,13502,523,35981,5848
5066,PaperGoods,15818,753,12249,1935
5067,PaperGoods,55892,3067,22905,3138
5068,PaperGoods,61758,3849,71942,6540
5069,PaperGoods,30326,797,27978,3397
5070,PaperGoods,39499,1117,65808,9233
5071,PaperGoods,23686,1268,38571,6301
5072,PaperGoods,63230,1943,49081,8403
5073,PaperGoods,49018,1386,61181,10400
5074,PaperGoods,44603,1688,28601,3619
5075,PaperGoods,43444,1757,30293,3526
5076,PaperGoods,39211,1897,31105,4740
5077,PaperGoods,24646,1197,27063,3682
5078,PaperGoods,101195,2694,98754,12378
5079,PaperGoods,60017,1577,25262,2451
5080,PaperGoods,61820,2148,38750,4970
5081,PaperGoods,25064,1214,51024,6241
5082,PaperGoods,63279,2026,60809,8559
5083,PaperGoods,37968,1552,27813,3738
5084,PaperGoods,94754,2567,34607,4305
5085,PaperGoods,100337,2254,51676,5789
5086,PaperGoods,25322,677,27048,3425
5087,PaperGoods,31202,2649,51398,5989
5088,PaperGoods,48616,1266,82503,9924
5089,PaperGoods,57020,1113,30118,2449
5090,PaperGoods,23204,1079,47361,6399
5091,PaperGoods,77735,2404,66317,6046
5092,PaperGoods,48970,1881,60037,7089
5093,PaperGoods,58189,2056,55604,6861
5094,PaperGoods,69614,2167,36562,3886
5095,PaperGoods,30470,1390,51391,6782
5096,PaperGoods,27578,1694,24110,3194
5097,PaperGoods,108674,2151,56235,6560
5098,PaperGoods,40487,1803,22091,2582
5099,PaperGoods,25101,503,78043,13852
5100,PaperGoods,33315,1493,19379,2578
5101,PaperGoods,61532,1304,37693,6206
5102,PaperGoods,66457,1800,45281,4633
5103,PaperGoods,27491,1201,47814,4662
5104,PaperGoods,20065,808,23738,2867
5105,PaperGoods,99914,3244,35863,3771
5106,PaperGoods,24919,1575,82976,9532
5107,PaperGoods,39991,2156,30191,2700
5108,PaperGoods,24119,1120,27159,3001
5109,PaperGoods,31361,693,33548,3179
5110,PaperGoods,60841,1316,61439,6493
5111,PaperGoods,36379,1528,25935,3440
5112,PaperGoods,55963,3164,35983,3652
5113,PaperGoods,77374,3135,36401,3608
5114,PaperGoods,50871,1019,27741,3163
5115,PaperGoods,85761,4086,32965,4666
5116,PaperGoods,51209,1054,45936,6005
5117,PaperGoods,64472,2347,107529,12813
5118,PaperGoods,35081,861,22949,2485
5119,PaperGoods,37986,948,28948,3406
5120,PaperGoods,26910,1762,40993,5992
5121,PaperGoods,87260,2590,68016,6821
5122,PaperGoods,38820,2655,40129,6048
5123,PaperGoods,37111,1139,40582,8447
5124,PaperGoods,90631,3067,38345,5043
5125,PaperGoods,40585,1134,58694,8469
5126,PaperGoods,54483,1777,25372,2567
5127,PaperGoods,19137,1226,34823,4872
5128,PaperGoods,36782,1761,47844,6596
5129,PaperGoods,71938,1296,54096,7464
5130,PaperGoods,41009,1268,25003,3025
5131,PaperGoods,22846,1398,30549,3478
5132,PaperGoods,38858,1454,44074,3936
5133,PaperGoods,37015,2039,27778,4076
5134,PaperGoods,19847,793,20584,2233
5135,PaperGoods,17230,600,26103,2770
5136,PaperGoods,39304,3116,35122,5396
5137,PaperGoods,80578,3028,57693,7228
5138,PaperGoods,30072,938,33738,4995
5139,PaperGoods,57636,1034,23442,2985
5140,PaperGoods,34370,1585,33622,3877
5141,PaperGoods,47158,2317,64108,9236
5142,PaperGoods,108798,3387,70722,6493
5143,PaperGoods,59900,2957,30602,4894
5144,PaperGoods,44736,1253,32884,4044
5145,PaperGoods,43711,2702,62194,6295
5146,PaperGoods,48604,1671,29252,2970
5147,PaperGoods,51559,1636,35942,4728
5148,PaperGoods,23719,733,38861,4849
5149,PaperGoods,30918,1405,46219,4505
5150,PaperGoods,51624,2306,75387,9317
5151,PaperGoods,34662,2031,28403,3173
5152,HomeDecor,16106,3230,246997,67558
5153,HomeDecor,9314,1281,40007,12751
5154,HomeDecor,16081,1888,280647,102992
5155,HomeDecor,28925,3017,61821,21549
5156,HomeDecor,4724,1024,126652,39370
5157,HomeDecor,42128,3260,278629,98109
5158,HomeDecor,10103,1309,34997,11270
5159,HomeDecor,3195,289,202323,55966
5160,HomeDecor,7734,968,55957,11233
5161,HomeDecor,11944,1995,43148,15066
5162,HomeDecor,11746,698,42900,18525
5163,HomeDecor,18971,4699,167912,42662
5164,HomeDecor,18398,2280,221724,55867
5165,HomeDecor,11237,2919,125309,40326
5166,HomeDecor,30666,3477,202988,54789
5167,HomeDecor,9507,891,94472,33682
5168,HomeDecor,30711,3995,70935,23203
5169,HomeDecor,60920,5908,111736,39936
5170,HomeDecor,7618,372,90958,23428
5171,HomeDecor,12522,3123,73274,23091
5172,HomeDecor,11187,2216,289961,147775
5173,HomeDecor,3995,608,219761,54277
5174,HomeDecor,18058,3916,84161,19633
5175,HomeDecor,21956,1482,39855,8840
5176,HomeDecor,10162,1073,155797,61737
5177,HomeDecor,11780,1010,75580,23078
5178,HomeDecor,4505,514,70566,17698
5179,HomeDecor,30418,6305,46042,15540
5180,HomeDecor,77591,2288,362338,84838
5181,HomeDecor,4042,1242,12463,3142
5182,HomeDecor,13313,1537,139431,42414
5183,HomeDecor,24125,3652,357626,84124
5184,HomeDecor,27505,5774,303601,79919
5185,HomeDecor,11465,860,219455,45655
5186,HomeDecor,11420,845,94759,32581
5187,HomeDecor,33017,3315,253336,66341
5188,HomeDecor,3584,316,77954,23117
5189,HomeDecor,13564,1473,228247,68061
5190,HomeDecor,8756,1708,44469,10908
5191,HomeDecor,27687,11508,45174,13828
5192,HomeDecor,19129,2819,116576,36125
5193,HomeDecor,11600,1434,31095,8409
5194,HomeDecor,38633,4948,76691,30567
5195,HomeDecor,7794,1477,76589,26604
5196,HomeDecor,36547,1099,123579,38555
5197,HomeDecor,55266,6059,50161,17428
5198,HomeDecor,9186,984,73959,23831
5199,HomeDecor,12861,480,121880,35571
5200,HomeDecor,15863,4112,154796,33892
5201,HomeDecor,11385,868,34139,9948
5202,HomeDecor,11470,1332,57430,17105
5203,HomeDecor,4458,1014,31869,8669
5204,HomeDecor,12587,1289,217351,72274
5205,HomeDecor,23621,1666,65933,13504
5206,HomeDecor,14569,1214,355474,89263
5207,HomeDecor,9759,977,62429,23145
5208,HomeDecor,23725,2928,150615,52864
5209,HomeDecor,19101,911,38782,7689
5210,HomeDecor,23117,1093,62850,17315
5211,HomeDecor,24043,1858,24666,7297
5212,HomeDecor,15832,984,98788,34581
5213,HomeDecor,26712,1971,67714,19546
5214,HomeDecor,26912,3016,52399,12705
5215,HomeDecor,6180,274,24683,7455
5216,HomeDecor,8083,1158,66906,23360
5217,HomeDecor,3639,798,88129,21240
5218,HomeDecor,35794,3248,381826,90583
5219,HomeDecor,10171,1430,171605,35363
5220,HomeDecor,48701,7545,82687,26060
5221,HomeDecor,28731,3279,34702,9854
5222,HomeDecor,13627,1353,98668,26405
5223,HomeDecor,21626,3733,94342,33150
5224,HomeDecor,1737,247,92028,26058
5225,HomeDecor,16849,2536,220055,49706
5226,HomeDecor,29827,3764,116428,38490
5227,HomeDecor,7100,970,111999,36517
5228,HomeDecor,7568,528,106955,31298
5229,HomeDecor,10436,2360,80608,27944
5230,HomeDecor,27027,957,243592,65529
5231,HomeDecor,8145,1111,22798,5575
5232,HomeDecor,68894,4964,251531,66418
5233,HomeDecor,9949,761,178359,51375
5234,HomeDecor,3928,503,79641,29189
5235,HomeDecor,13019,1140,57102,15372
5236,HomeDecor,31579,1939,362764,128745
5237,HomeDecor,8758,776,72110,19718
5238,HomeDecor,49126,4373,141038,50109
5239,HomeDecor,11484,1463,69966,26034
5240,HomeDecor,6037,1123,52479,19816
5241,HomeDecor,12324,1811,160613,57831
5242,HomeDecor,41506,2663,108087,42018
5243,HomeDecor,13473,5816,198695,60976
5244,HomeDecor,22655,2553,51197,12312
5245,HomeDecor,12162,1040,81113,21320
5246,HomeDecor,72818,12774,367919,82536
5247,HomeDecor,5943,341,153520,42680
5248,HomeDecor,19906,1759,70959,26423
5249,HomeDecor,13546,5629,50861,13727
5250,HomeDecor,8861,1141,63270,14493
5251,HomeDecor,29351,3408,88991,21976
5252,HomeDecor,10333,612,69906,16169
5253,HomeDecor,13898,4929,48491,13116
5254,HomeDecor,19292,2311,56882,12829
5255,HomeDecor,9092,1725,33132,6440
5256,HomeDecor,32129,3785,194915,59187
5257,HomeDecor,42135,3722,185824,53380
5258,HomeDecor,10394,1298,55086,13281
5259,HomeDecor,19665,1357,64292,17921
5260,HomeDecor,10644,4370,39698,12862
5261,HomeDecor,10251,1140,50376,17905
5262,HomeDecor,29493,4863,125432,51190
5263,HomeDecor,14494,3066,146153,46394
5264,HomeDecor,32073,4301,170638,52499
5265,HomeDecor,3895,665,64271,25095
5266,HomeDecor,29575,2084,78983,15032
5267,HomeDecor,5702,464,274886,74212
5268,HomeDecor,12704,597,124539,36698
5269,HomeDecor,20387,977,257845,58459
5270,HomeDecor,26352,3361,45821,18796
5271,HomeDecor,3206,253,90593,26130
5272,HomeDecor,25655,1041,157687,46360
5273,HomeDecor,5785,1725,32431,9245
5274,HomeDecor,13932,2099,84712,29805
5275,HomeDecor,4205,630,80107,23089
5276,HomeDecor,9304,1096,134000,39961
5277,HomeDecor,4079,1358,77213,20040
5278,HomeDecor,17078,1491,55856,23659
5279,HomeDecor,33653,4382,78388,21862
5280,HomeDecor,11819,2874,196815,61200
5281,HomeDecor,11750,1139,105547,39721
5282,HomeDecor,13021,1484,82697,28555
5283,HomeDecor,5655,771,57440,25627
5284,HomeDecor,8532,2044,133326,37435
5285,HomeDecor,48117,7430,421962,128026
5286,HomeDecor,26706,2676,34628,9104
5287,HomeDecor,28275,5406,75204,21699
5288,HomeDecor,4264,541,43721,13967
5289,HomeDecor,22382,1249,109015,31840
5290,HomeDecor,13908,1415,39729,13541
5291,HomeDecor,20493,1551,212299,70126
5292,HomeDecor,6855,1819,64490,19162
5293,HomeDecor,15482,4471,65788,18157
5294,HomeDecor,8366,1075,137843,61039
5295,HomeDecor,36650,4787,252897,78161
5296,HomeDecor,11258,1739,150031,34587
5297,HomeDecor,4327,891,192445,51884
5298,HomeDecor,24856,6279,20688,6640
5299,HomeDecor,6554,916,282111,83733
5300,HomeDecor,12763,1006,144164,51929
5301,HomeDecor,29873,2848,149094,36517
5302,HomeDecor,10357,2249,116064,27713
5303,HomeDecor,7086,1194,76637,20915
5304,HomeDecor,25502,1870,49305,11080
5305,HomeDecor,12108,1293,54804,11815
5306,HomeDecor,8410,1862,334758,102088
5307,HomeDecor,18421,1223,189459,56807
5308,HomeDecor,25829,2828,79469,28267
5309,HomeDecor,18040,4086,81353,27688
5310,HomeDecor,23133,5206,22055,7223
5311,HomeDecor,36162,1587,173518,57783
5312,HomeDecor,19294,3455,58686,22854
5313,HomeDecor,21887,1950,143512,50790
5314,HomeDecor,35246,3324,68330,28750
5315,HomeDecor,12043,1123,16879,5215
5316,HomeDecor,23615,5639,151781,43650
5317,HomeDecor,23675,5994,85003,35220
5318,HomeDecor,20281,2050,27597,7872
5319,HomeDecor,8250,2301,21930,7270
5320,HomeDecor,9335,908,50455,20350
5321,HomeDecor,7850,780,30313,9352
5322,HomeDecor,30481,3171,32125,10778
5323,HomeDecor,12487,599,86464,25961
5324,HomeDecor,2882,457,20286,6248
5325,HomeDecor,19635,1794,56647,12308
5326,HomeDecor,32619,2717,421148,110641
5327,HomeDecor,2865,114,193423,49080
5328,HomeDecor,16111,1007,87130,34143
5329,HomeDecor,10620,581,89456,28045
5330,HomeDecor,21816,725,84045,27794
5331,HomeDecor,5903,647,74976,20943
5332,HomeDecor,12981,2127,106812,44863
5333,HomeDecor,72754,11100,344385,117325
5334,HomeDecor,17286,2234,30084,7858
5335,HomeDecor,20446,2800,312060,65133
5336,HomeDecor,12587,2567,541414,182103
5337,HomeDecor,17802,2321,19592,4820
5338,HomeDecor,22358,3388,198697,58255
5339,HomeDecor,37333,3477,273030,105669
5340,HomeDecor,9277,830,64544,17203
5341,HomeDecor,9727,4073,26490,6826
5342,HomeDecor,10868,554,63437,24432
5343,HomeDecor,33260,2618,163630,39859
5344,HomeDecor,11813,702,79164,29443
5345,HomeDecor,7754,863,31268,10935
5346,HomeDecor,15479,1026,224358,71822
5347,HomeDecor,21023,5079,73092,26396
5348,HomeDecor,10109,923,34620,8053
5349,HomeDecor,6627,897,51636,19546
5350,HomeDecor,6648,710,154670,34847
5351,HomeDecor,24331,4374,35585,9302
5352,HomeDecor,7567,1938,96479,19437
5353,HomeDecor,30170,3412,99466,41857
5354,HomeDecor,8192,579,52284,24588
5355,HomeDecor,6471,2116,285814,66081
5356,HomeDecor,13136,900,27852,9261
5357,HomeDecor,27582,2707,48440,14714
5358,HomeDecor,5227,1488,96761,37654
5359,HomeDecor,21591,3380,253936,53536
5360,HomeDecor,5814,690,28042,9855
5361,HomeDecor,16854,1209,173503,41607
5362,HomeDecor,7267,1294,54399,12594
5363,HomeDecor,17838,1221,47906,14437
5364,HomeDecor,19582,3389,333796,94512
5365,HomeDecor,16448,3200,191276,56035
5366,HomeDecor,40569,2497,289998,85369
5367,HomeDecor,13660,891,80070,19581
5368,HomeDecor,34216,8448,86776,24138
5369,HomeDecor,34602,2487,280029,101415
5370,HomeDecor,10984,1648,77835,24384
5371,HomeDecor,37204,2270,249172,47707
5372,HomeDecor,8280,2417,79007,25036
5373,HomeDecor,19324,5731,70110,21513
5374,HomeDecor,12378,1808,27438,8368
5375,HomeDecor,4512,691,82188,31249
5376,HomeDecor,12523,1299,151622,39880
5377,HomeDecor,15628,1275,154469,38517
5378,HomeDecor,24673,2361,200247,51604
5379,HomeDecor,11439,1388,105629,32429
5380,HomeDecor,12596,2141,119463,37244
5381,HomeDecor,10101,2273,123009,33777
5382,HomeDecor,19646,2030,51326,14313
5383,HomeDecor,11729,949,164302,42085
5384,HomeDecor,5739,1212,24745,7187
5385,HomeDecor,6223,1096,251279,105830
5386,HomeDecor,10585,2896,140887,48308
5387,HomeDecor,12819,2405,157674,43193
5388,HomeDecor,18922,1530,132476,41531
5389,HomeDecor,72426,6813,77357,23117
5390,HomeDecor,8042,1652,39622,10135
5391,HomeDecor,4302,492,33552,11944
5392,HomeDecor,6405,724,103659,32242
5393,HomeDecor,18406,5935,128859,38465
5394,HomeDecor,1905,1216,546994,211688
5395,HomeDecor,10518,1670,68554,22651
5396,HomeDecor,28844,4666,155567,44670
5397,HomeDecor,7928,2027,101900,26044
5398,HomeDecor,19995,1472,111366,37508
5399,HomeDecor,3304,703,28710,6707
5400,HomeDecor,11206,1366,62106,18618
5401,HomeDecor,15657,1263,79423,25577
5402,HomeDecor,17870,5756,512412,161110
5403,HomeDecor,7346,2965,129136,40924
5404,HomeDecor,9096,670,70124,20745
5405,HomeDecor,21673,2197,90355,28262
5406,HomeDecor,6616,1081,139643,45532
5407,HomeDecor,29901,9451,56949,14469
5408,HomeDecor,30088,1658,318171,77421
5409,HomeDecor,19793,2453,97627,28162
5410,HomeDecor,5694,1199,36596,7337
5411,HomeDecor,18441,1199,411493,112643
5412,HomeDecor,11774,611,174202,58104
5413,HomeDecor,21543,1264,42578,11247
5414,HomeDecor,13224,2678,79257,19278
5415,HomeDecor,89443,11217,34817,13681
5416,HomeDecor,4799,852,31394,11817
5417,HomeDecor,2388,861,43706,11702
5418,HomeDecor,24462,3561,60937,14711
5419,HomeDecor,35539,5765,182789,57874
5420,HomeDecor,26546,3776,205554,46018
5421,HomeDecor,9888,651,73760,28361
5422,HomeDecor,7871,1421,37649,11199
5423,HomeDecor,24621,1847,575091,215194
5424,HomeDecor,48433,3582,65480,21160
5425,HomeDecor,17566,1706,108070,35577
5426,HomeDecor,15142,771,107281,27115
5427,HomeDecor,5337,1051,133175,34931
5428,HomeDecor,12031,692,39055,13418
5429,HomeDecor,13282,2578,187671,55227
5430,HomeDecor,32863,6067,72380,20765
5431,HomeDecor,18341,2437,150170,42183
5432,HomeDecor,19441,1820,120368,30583
5433,HomeDecor,28155,4310,73546,21537
5434,HomeDecor,14460,4452,225687,61673
5435,HomeDecor,9039,1319,86189,24663
5436,HomeDecor,9250,1262,29809,8459
5437,HomeDecor,8374,992,264725,78228
5438,HomeDecor,15813,4548,95159,27660
5439,HomeDecor,35004,7446,32984,10274
5440,HomeDecor,11753,534,291373,104039
5441,HomeDecor,16227,2715,85599,35310
5442,HomeDecor,12587,1343,68250,15113
5443,HomeDecor,12852,1693,45067,12058
5444,HomeDecor,10015,4137,90269,23407
5445,HomeDecor,6770,439,183150,75877
5446,HomeDecor,18750,1928,75760,15887
5447,HomeDecor,15921,646,272253,74609
5448,HomeDecor,15778,976,33026,11452
5449,HomeDecor,47335,2133,233869,108585
5450,HomeDecor,32192,4108,177884,45295
5451,HomeDecor,9850,516,179234,49346
5452,HomeDecor,14948,1725,80251,24738
5453,HomeDecor,5411,828,67832,15139
5454,HomeDecor,56745,6425,83904,30336
5455,HomeDecor,8736,950,56785,17283
5456,HomeDecor,56207,7236,69145,25360
5457,HomeDecor,20549,4865,234450,71683
5458,HomeDecor,25025,1779,117391,29089
5459,HomeDecor,34578,4005,46871,15214
5460,HomeDecor,9495,2058,67125,22136
5461,HomeDecor,7412,1044,32206,10271
5462,HomeDecor,21782,2974,149244,54063
5463,HomeDecor,16524,4616,149239,33049
5464,HomeDecor,172440,15953,162606,41772
5465,HomeDecor,8129,628,44534,15671
5466,HomeDecor,18973,2329,137032,48016
5467,HomeDecor,17387,2082,83738,23500
5468,HomeDecor,14766,1270,63771,16419
5469,HomeDecor,54380,2918,132546,53722
5470,HomeDecor,18569,2480,116348,38116
5471,HomeDecor,13814,3401,65473,16151
5472,HomeDecor,8831,1207,185498,45003
5473,HomeDecor,4656,1163,171058,64408
5474,HomeDecor,21447,667,69757,22954
5475,HomeDecor,17464,1525,37950,8875
5476,HomeDecor,13169,5147,99146,41150
5477,HomeDecor,14275,2095,103068,26342
5478,HomeDecor,14964,1051,73887,22273
5479,HomeDecor,38351,4015,355644,113182
5480,HomeDecor,11438,3174,127108,34360
5481,HomeDecor,12708,2364,499544,176716
5482,HomeDecor,15464,1722,101487,36964
5483,HomeDecor,19020,2413,260578,87909
5484,HomeDecor,8473,535,125022,40709
5485,HomeDecor,13736,1853,38684,10644
5486,HomeDecor,20872,2321,101483,27051
5487,HomeDecor,6729,446,25311,10967
5488,HomeDecor,17344,2500,253486,90385
5489,HomeDecor,25023,2611,200179,86617
5490,HomeDecor,24900,1884,76736,16859
5491,HomeDecor,2608,449,56621,13893
5492,HomeDecor,5156,422,46399,13616
5493,HomeDecor,7771,849,102707,30038
5494,HomeDecor,23407,4504,97368,33699
5495,HomeDecor,12867,927,80420,18833
5496,HomeDecor,19920,1298,100876,20942
5497,HomeDecor,21565,1811,235871,70377
5498,HomeDecor,4744,729,74760,21384
5499,HomeDecor,8791,720,36587,13700
5500,HomeDecor,19888,3366,118301,37647
5501,HomeDecor,4677,630,66004,17059
5502,HomeDecor,32551,6530,28088,7971
5503,HomeDecor,15257,1513,55590,14128
5504,HomeDecor,12542,1840,47869,11256
5505,HomeDecor,29959,3931,77113,15383
5506,HomeDecor,38623,4151,176879,47085
5507,HomeDecor,4842,786,52006,11602
5508,HomeDecor,7219,1070,42862,14707
5509,HomeDecor,47220,7335,68937,23973
5510,HomeDecor,22080,819,82589,27920
5511,HomeDecor,11543,1639,117253,31941
5512,HomeDecor,25984,1373,310247,85875
5513,HomeDecor,43973,3134,186564,61362
5514,HomeDecor,9350,538,26482,9784
5515,HomeDecor,13485,699,53078,18217
5516,HomeDecor,7795,1065,54221,18939
5517,HomeDecor,1073,201,20131,7482
5518,HomeDecor,36999,3590,111831,32457
5519,HomeDecor,6736,1114,26279,9652
5520,HomeDecor,41735,5920,227407,72244
5521,HomeDecor,40793,6319,345749,144355
5522,HomeDecor,5204,552,130640,27893
5523,HomeDecor,8375,2134,206993,62017
5524,HomeDecor,20635,2776,132963,45344
5525,HomeDecor,31397,3381,81106,18133
5526,HomeDecor,20751,1226,75501,24441
5527,HomeDecor,35294,2561,376939,153322
5528,HomeDecor,54202,3992,94649,28642
5529,HomeDecor,19056,1935,41457,11408
5530,HomeDecor,12997,2286,503359,138409
5531,HomeDecor,35730,1250,100408,32103
5532,HomeDecor,1853,404,25030,7597
5533,HomeDecor,8641,1166,50310,20121
5534,HomeDecor,18516,1519,61564,20116
5535,HomeDecor,10020,1681,197108,56326
5536,HomeDecor,18696,1262,125455,44021
5537,HomeDecor,29933,3274,79903,31451
5538,HomeDecor,22595,862,65973,17942
5539,HomeDecor,4012,451,135078,36696
5540,HomeDecor,84362,7335,123217,27244
5541,HomeDecor,8310,1659,119660,35960
5542,HomeDecor,39319,7285,24970,7438
5543,HomeDecor,51657,4232,93553,32408
5544,HomeDecor,72133,5392,101129,27425
5545,HomeDecor,36225,4091,169830,41355
5546,HomeDecor,20287,2163,161105,43985
5547,HomeDecor,31727,4903,20070,5434
5548,HomeDecor,27434,2750,46711,12814
5549,HomeDecor,31204,2637,78826,20371
5550,HomeDecor,3201,373,62948,15774
5551,HomeDecor,100901,7574,189784,58512
5552,HomeDecor,14561,1095,79325,22882
5553,HomeDecor,18365,2224,109377,33027
5554,HomeDecor,14898,1266,23497,8362
5555,HomeDecor,17759,2143,90172,26303
5556,HomeDecor,42288,3136,73007,25465
5557,HomeDecor,11782,1718,75731,21106
5558,HomeDecor,6564,1947,103064,36238
5559,HomeDecor,5491,1905,55399,13166
5560,HomeDecor,24978,1947,40611,10313
5561,HomeDecor,21311,4204,94579,32818
5562,HomeDecor,6999,1896,91212,25036
5563,HomeDecor,2327,327,75320,20779
5564,HomeDecor,19783,3325,106425,37236
5565,HomeDecor,13650,1396,241861,64790
5566,HomeDecor,2050,907,92030,32368
5567,HomeDecor,15768,1537,93646,28994
5568,HomeDecor,23753,1378,12713,3597
5569,HomeDecor,3378,846,83803,25833
5570,HomeDecor,59776,2549,61238,20759
5571,HomeDecor,12524,1964,59396,18051
5572,Garden,42302,6404,204885,32115
5573,Garden,14994,4254,442787,98496
5574,Garden,58306,9181,182306,38044
5575,Garden,48697,5102,103905,24715
5576,Garden,6411,926,322501,57149
5577,Garden,15098,5784,36260,7154
5578,Garden,59007,18209,313301,79013
5579,Garden,55938,6972,520090,109986
5580,Garden,58714,7322,455432,96459
5581,Garden,91401,25020,565415,156415
5582,Garden,22221,7462,105713,26242
5583,Garden,13621,1614,196795,42970
5584,Garden,58531,5875,240469,64659
5585,Garden,62160,8255,186981,43209
5586,Garden,60987,13261,45995,9787
5587,Garden,36830,14830,236925,48997
5588,Garden,15907,3440,307141,65465
5589,Garden,95867,9937,221813,46412
5590,Garden,160215,36745,483429,92034
5591,Garden,27007,13200,229710,47125
5592,Garden,34355,2486,244305,51685
5593,Garden,13078,6123,378837,74604
5594,Garden,112167,30604,165725,49441
5595,Garden,187923,24252,646432,101147
5596,Garden,32120,5534,216771,44316
5597,Garden,31619,2068,601576,132146
5598,Garden,144191,9836,292243,56788
5599,Garden,27962,8168,326476,79783
5600,Garden,18780,2388,138409,39288
5601,Garden,32755,12743,234523,54411
5602,Garden,27005,3874,220570,53360
5603,Garden,43577,2789,816543,129857
5604,Garden,24109,3039,103798,21527
5605,Garden,16089,3777,192374,37751
5606,Garden,7463,1590,83284,24136
5607,Garden,65971,3405,85399,23356
5608,Garden,26258,6354,85321,21021
5609,Garden,18088,1995,491924,151656
5610,Garden,78666,22580,920781,125247
5611,Garden,50638,7267,130929,26308
5612,Garden,42923,6277,316951,69729
5613,Garden,130670,18104,289112,60606
5614,Garden,66279,6837,347803,70551
5615,Garden,33032,10617,349358,63259
5616,Garden,311052,59220,271719,54274
5617,Garden,131770,57012,98652,17485
5618,Garden,157747,22367,245098,59640
5619,Garden,89251,19030,110768,28032
5620,Garden,61697,4222,574974,153806
5621,Garden,60234,6687,799742,203818
5622,Garden,12511,2144,326827,101831
5623,Garden,239797,21701,944338,254228
5624,Garden,44022,4903,258960,76374
5625,Garden,32870,3028,1920631,463788
5626,Garden,19492,4283,322675,70332
5627,Garden,125554,10371,207017,49653
5628,Garden,15340,3850,255790,40899
5629,Garden,102065,11907,192936,31271
5630,Garden,19713,1288,194317,43233
5631,Garden,216777,12814,111846,21568
5632,Garden,45436,18081,313500,77227
5633,Garden,48925,10323,137904,33794
5634,Garden,36708,15603,348614,78071
5635,Garden,118654,16178,438915,126850
5636,Garden,7232,1388,426284,103377
5637,Garden,19264,1179,307233,51744
5638,Garden,87643,15550,874963,292391
5639,Garden,43802,2957,65966,15543
5640,Garden,93864,7489,485321,113365
5641,Garden,18829,7444,500920,117547
5642,Garden,63451,10723,193619,35157
5643,Garden,49115,6809,573227,87609
5644,Garden,206062,11016,155838,35106
5645,Garden,31391,6419,386171,78686
5646,Garden,39939,4589,282695,60895
5647,Garden,125110,55458,147948,31541
5648,Garden,116817,47873,151057,28061
5649,Garden,94603,14286,474699,97715
5650,Garden,103028,11275,86372,17907
5651,Garden,113110,16249,96560,20123
5652,Garden,51368,4369,458170,115664
5653,Garden,41854,6091,37906,8476
5654,Garden,39895,2507,463446,109302
5655,Garden,98482,7676,308372,77326
5656,Garden,144038,9201,788217,144846
5657,Garden,11994,5145,100229,21949
5658,Garden,46669,11291,232939,54164
5659,Garden,251156,26596,717479,127287
5660,Garden,132864,16428,189868,43483
5661,Garden,143834,13870,376416,98160
5662,Garden,33842,9917,511210,130460
5663,Garden,74884,11808,1251913,182087
5664,Garden,23989,3650,254773,58924
5665,Garden,10904,2064,141491,26150
5666,Garden,110542,21643,193257,43487
5667,Garden,87452,31785,301654,71992
5668,Garden,15754,3043,283953,59421
5669,Garden,9717,3348,146366,29437
5670,Garden,69139,11496,233673,64791
5671,Garden,24437,2464,143113,40408
5672,Garden,69949,8614,344477,65882
5673,Garden,8027,970,165361,33371
5674,Garden,15346,3235,63747,10162
5675,Garden,18414,6044,258943,41150
5676,Garden,40251,17606,375911,109045
5677,Garden,106708,8201,329831,72648
5678,Garden,210836,8124,367953,97984
5679,Garden,61944,7204,115518,27419
5680,Garden,107241,8416,263109,55569
5681,Garden,42806,5253,264858,59774
5682,Garden,33377,9423,336359,75540
5683,Garden,51443,9028,25987,6138
5684,Garden,120030,12554,360946,70674
5685,Garden,23337,5071,1239128,210895
5686,Garden,14990,2098,212981,46435
5687,Garden,41595,3140,177721,40487
5688,Garden,40444,3509,69482,14511
5689,Garden,6108,3926,156195,36368
5690,Garden,391650,19996,653151,157014
5691,Garden,24559,5199,70846,14158
5692,Garden,52799,6336,232059,54088
5693,Garden,43055,7670,100866,19782
5694,Garden,102079,4969,787612,203239
5695,Garden,123649,5588,301289,75361
5696,Garden,72700,10970,83757,22678
5697,Garden,67134,6541,102073,18576
5698,Garden,82656,5677,57777,13247
5699,Garden,45331,3719,393182,95994
5700,Garden,29537,5274,235994,54618
5701,Garden,21503,3611,532050,150601
5702,Garden,70456,23494,154040,36819
5703,Garden,32431,8179,73506,22622
5704,Garden,26546,4920,524378,136086
5705,Garden,44469,9665,410386,108927
5706,Garden,84265,7054,272648,66215
5707,Garden,31573,1319,126718,26429
5708,Garden,107831,22363,114269,24657
5709,Garden,65217,6888,260195,54237
5710,Garden,17990,2410,169072,31413
5711,Garden,52799,2997,198597,36205
5712,Garden,203800,32554,292010,52696
5713,Garden,48614,5484,578830,114297
5714,Garden,101244,7344,364575,77956
5715,Garden,64982,5589,159341,47335
5716,Garden,221031,13418,392493,82083
5717,Garden,39850,11889,160740,34736
5718,Garden,39042,3466,238390,45135
5719,Garden,31878,4566,236767,69211
5720,Garden,102188,12281,80378,17499
5721,Garden,50909,1545,431565,75070
5722,Garden,54439,3325,167617,36649
5723,Garden,42776,5417,279486,61494
5724,Garden,20410,5957,163244,27802
5725,Garden,287582,14086,61489,9142
5726,Garden,313173,25038,181206,31998
5727,Garden,79852,4632,116118,22294
5728,Garden,24914,3302,320657,75597
5729,Garden,9868,998,220753,44323
5730,Garden,372867,5715,205381,42103
5731,Garden,30360,8613,346784,78039
5732,Garden,34180,2392,533717,109282
5733,Garden,83163,16482,594853,167514
5734,Garden,9548,1126,196613,43703
5735,Garden,239303,9949,228106,53521
5736,Garden,88924,18902,344163,66734
5737,Garden,112617,8244,431752,110207
5738,Garden,14267,5314,328923,55673
5739,Garden,267639,35331,1391081,351531
5740,Garden,83868,15517,1043412,228675
5741,Garden,36990,4512,145787,26263
5742,Garden,20079,6052,245256,60855
5743,Garden,45328,6933,1925728,295827
5744,Garden,101602,54846,1149897,225962
5745,Garden,29891,2446,327510,76314
5746,Garden,56658,10416,273527,63258
5747,Garden,28338,3868,230529,51033
5748,Garden,34001,3539,213710,47273
5749,Garden,50407,4624,286030,75317
5750,Garden,59925,7317,331274,69472
5751,Garden,59685,9545,326971,53887
5752,Garden,32202,6897,319200,76445
5753,Garden,7931,2495,339817,81674
5754,Garden,16824,5569,371360,88928
5755,Garden,48957,4829,250622,58540
5756,Garden,35640,7993,230698,52233
5757,Garden,114884,13561,141857,24096
5758,Garden,21663,2440,558914,114386
5759,Garden,71650,3292,113938,21975
5760,Garden,18784,2564,178278,29619
5761,Garden,76678,9415,650017,152343
5762,Garden,112968,15642,682951,149372
5763,Garden,153225,30984,516291,128342
5764,Garden,124538,20946,86486,17616
5765,Garden,32493,7617,260454,68737
5766,Garden,33097,5058,104967,23291
5767,Garden,26140,6400,116963,19367
5768,Garden,92633,10621,636565,160647
5769,Garden,214274,9107,71254,14144
5770,Garden,53267,8378,210554,47833
5771,Garden,221771,14923,454146,75630
5772,Garden,194417,13664,188365,55088
5773,Garden,164898,12073,361220,73145
5774,Garden,32965,16994,235098,43172
5775,Garden,310377,22076,714387,158095
5776,Garden,69299,14436,312778,69244
5777,Garden,9528,7008,322558,80966
5778,Garden,26707,5068,226514,53148
5779,Garden,25192,5565,1033884,276013
5780,Garden,95084,3447,215733,61705
5781,Garden,24313,5651,765997,191597
5782,Garden,78803,20828,285722,63825
5783,Garden,142147,21847,529141,137621
5784,Garden,21042,2243,161500,33027
5785,Garden,65760,13313,621800,110456
5786,Garden,46934,7897,119574,36942
5787,Garden,24740,5029,141018,19763
5788,Garden,191309,23729,208852,52072
5789,Garden,10194,3098,114815,18571
5790,Garden,242240,12976,337837,75585
5791,Garden,184433,39137,322748,90941
5792,Garden,21056,2491,678122,110389
5793,Garden,15694,3047,136110,24013
5794,Garden,51445,2758,84270,19889
5795,Garden,109166,12720,322775,79266
5796,Garden,36151,6544,270107,66661
5797,Garden,84210,16502,458474,118881
5798,Garden,44888,2495,692428,142139
5799,Garden,83814,2722,285238,56566
5800,Garden,172820,17213,53864,12794
5801,Garden,86539,10014,398288,81309
5802,Garden,16709,1957,101136,17975
5803,Garden,20603,1433,45399,10724
5804,Garden,23048,1419,221469,68753
5805,Garden,111114,7245,557097,113657
5806,Garden,18794,2450,149028,28889
5807,Garden,20075,16910,144587,29937
5808,Garden,208638,17862,748160,233963
5809,Garden,20703,5540,312280,78734
5810,Garden,142999,9987,169196,50992
5811,Garden,15619,2594,123014,34225
5812,Garden,50833,12879,42661,5776
5813,Garden,33031,19644,253300,59732
5814,Garden,10141,912,89670,21716
5815,Garden,44798,4315,604906,194278
5816,Garden,35351,4889,141278,38951
5817,Garden,11370,1900,631095,161501
5818,Garden,66173,8975,255408,65315
5819,Garden,33417,2493,261303,53069
5820,Garden,158977,13252,231383,48829
5821,Garden,47001,12699,131972,38843
5822,Garden,11503,2395,162439,47470
5823,Garden,33901,6325,391233,78314
5824,Garden,18950,4825,150109,23897
5825,Garden,25219,5793,384371,74283
5826,Garden,63403,14733,383986,80593
5827,Garden,93429,26321,114999,19777
5828,Garden,17238,2239,28903,3941
5829,Garden,49686,9822,238391,56784
5830,Garden,26844,4252,195635,47011
5831,Garden,14896,1244,768134,167405
5832,Garden,18882,4229,864238,175330
5833,Garden,51686,18216,791595,137575
5834,Garden,121519,29158,260204,87707
5835,Garden,83636,7866,249822,61012
5836,Garden,91196,10303,155356,48316
5837,Garden,75070,20269,137076,29064
5838,Garden,137868,12343,278061,55934
5839,Garden,82955,20349,511716,118404
5840,Garden,109989,11042,159085,28933
5841,Garden,18069,1875,316763,51955
5842,SportsEquipment,93176,3823,170696,30667
5843,SportsEquipment,32488,1289,80601,23294
5844,SportsEquipment,26785,2317,172874,32359
5845,SportsEquipment,9129,1196,361514,81245
5846,SportsEquipment,8398,1023,203884,52984
5847,SportsEquipment,54222,1990,36271,8772
5848,SportsEquipment,30782,6409,392772,100106
5849,SportsEquipment,16028,2239,229905,72942
5850,SportsEquipment,45158,2122,186157,65254
5851,SportsEquipment,23953,2273,291240,61972
5852,SportsEquipment,21018,1662,207106,48222
5853,SportsEquipment,20278,3993,297197,74023
5854,SportsEquipment,13936,1501,272994,56596
5855,SportsEquipment,8508,918,83502,22803
5856,SportsEquipment,22595,4736,82820,18124
5857,SportsEquipment,14123,4702,65610,18355
5858,SportsEquipment,50683,6143,145970,37481
5859,SportsEquipment,6911,435,183690,30067
5860,SportsEquipment,30294,3894,432737,144373
5861,SportsEquipment,37477,5525,929460,209518
5862,SportsEquipment,7338,1204,86392,18495
5863,SportsEquipment,38612,1927,165097,45805
5864,SportsEquipment,49165,1398,374340,94378
5865,SportsEquipment,16891,2046,276332,77194
5866,SportsEquipment,18173,1827,309646,53390
5867,SportsEquipment,21416,1366,374936,111669
5868,SportsEquipment,6537,4016,162372,35106
5869,SportsEquipment,62720,3567,200569,57993
5870,SportsEquipment,26237,2495,178435,56059
5871,SportsEquipment,14771,1151,242297,43226
5872,SportsEquipment,33584,3174,269334,56918
5873,SportsEquipment,12711,1714,199052,49577
5874,SportsEquipment,50469,3814,129836,36473
5875,SportsEquipment,31611,4026,189891,36005
5876,SportsEquipment,37627,3081,124436,29952
5877,SportsEquipment,5812,761,109461,21872
5878,SportsEquipment,9271,471,323146,111811
5879,SportsEquipment,16579,4806,510371,146607
5880,SportsEquipment,16455,1740,157807,36217
5881,SportsEquipment,43380,2394,295512,62642
5882,SportsEquipment,48566,4514,77390,17619
5883,SportsEquipment,78644,7045,483423,129328
5884,SportsEquipment,26802,2066,160421,35006
5885,SportsEquipment,16763,1361,96246,27687
5886,SportsEquipment,27828,1585,319104,97329
5887,SportsEquipment,47056,4179,62257,14471
5888,SportsEquipment,22475,1209,82455,20768
5889,SportsEquipment,49398,5745,122870,20016
5890,SportsEquipment,11639,961,173485,47491
5891,SportsEquipment,78042,12535,651967,149466
5892,SportsEquipment,53583,1922,277473,70786
5893,SportsEquipment,19089,1927,430256,116365
5894,SportsEquipment,23644,3015,154919,42152
5895,SportsEquipment,27181,2384,284063,55666
5896,SportsEquipment,5447,364,424188,113095
5897,SportsEquipment,50572,2402,133672,29384
5898,SportsEquipment,22703,1149,497462,129773
5899,SportsEquipment,38363,4185,624683,170382
5900,SportsEquipment,20659,490,192002,39999
5901,SportsEquipment,72752,8421,575594,208504
5902,SportsEquipment,12141,683,111747,28607
5903,SportsEquipment,22049,1822,125928,39487
5904,SportsEquipment,37856,1374,195922,46846
5905,SportsEquipment,86458,6844,976086,238127
5906,SportsEquipment,56661,8143,273620,71342
5907,SportsEquipment,82445,5393,523026,142244
5908,SportsEquipment,28679,3007,99412,22929
5909,SportsEquipment,142992,5312,317086,98990
5910,SportsEquipment,115578,16434,392444,108195
5911,SportsEquipment,65832,4820,213569,42851
5912,SportsEquipment,80059,6984,352373,88481
5913,SportsEquipment,20332,4125,204720,43235
5914,SportsEquipment,16358,1230,308950,84302
5915,SportsEquipment,41730,9937,691042,178645
5916,SportsEquipment,115676,11584,551720,140848
5917,SportsEquipment,9961,525,97626,17089
5918,SportsEquipment,23802,908,103539,23030
5919,SportsEquipment,77408,6484,723791,143376
5920,SportsEquipment,46024,2742,258927,57704
5921,SportsEquipment,42024,2133,151061,35482
5922,SportsEquipment,15095,583,162733,35852
5923,SportsEquipment,71543,4216,1472166,285520
5924,SportsEquipment,8943,2131,299053,77931
5925,SportsEquipment,28810,1504,112700,19527
5926,SportsEquipment,56244,4034,500287,131637
5927,SportsEquipment,89284,3531,208686,42827
5928,SportsEquipment,12299,1810,94836,24479
5929,SportsEquipment,10065,1114,66082,17368
5930,SportsEquipment,38461,3239,294564,73891
5931,SportsEquipment,12552,998,89752,24412
5932,SportsEquipment,46795,4332,436687,112207
5933,SportsEquipment,27185,2192,861596,255942
5934,SportsEquipment,89234,2855,128648,48700
5935,SportsEquipment,9396,1236,545755,156359
5936,SportsEquipment,14103,1585,469644,93779
5937,SportsEquipment,47848,3622,392154,93206
5938,SportsEquipment,51181,3721,352550,83742
5939,SportsEquipment,29822,3046,131885,37088
5940,SportsEquipment,44264,4053,90403,21567
5941,SportsEquipment,115415,9012,155754,29854
5942,SportsEquipment,41432,4367,347806,99807
5943,SportsEquipment,13118,3167,474234,108310
5944,SportsEquipment,10725,788,592387,140860
5945,SportsEquipment,28366,2477,510589,126120
5946,SportsEquipment,2568,229,84497,25386
5947,SportsEquipment,97526,3955,261010,51602
5948,SportsEquipment,17782,563,63182,16012
5949,SportsEquipment,58664,3075,220781,54195
5950,SportsEquipment,33123,2503,294820,83680
5951,SportsEquipment,36779,2302,513826,143955
5952,SportsEquipment,12403,974,53984,10336
5953,SportsEquipment,125628,6319,582039,134151
5954,SportsEquipment,83422,9427,454121,100005
5955,SportsEquipment,26864,1239,314501,70291
5956,SportsEquipment,21920,1873,489689,89186
5957,SportsEquipment,13938,2240,164775,38283
5958,SportsEquipment,82805,6714,764737,177218
5959,SportsEquipment,172295,4331,643484,197093
5960,SportsEquipment,120187,14015,2497822,675999
5961,SportsEquipment,21737,1619,214762,54083
5962,SportsEquipment,57870,5281,441658,87033
5963,SportsEquipment,110471,3606,378628,90961
5964,SportsEquipment,54388,5947,111065,32191
5965,SportsEquipment,15804,1092,665693,110327
5966,SportsEquipment,57713,3559,288789,88271
5967,SportsEquipment,6665,1109,98731,26603
5968,SportsEquipment,122243,10831,184083,37143
5969,SportsEquipment,14947,1280,130118,24289
5970,SportsEquipment,8977,1227,124459,25955
5971,SportsEquipment,38377,3331,165198,37615
5972,SportsEquipment,92996,4860,578869,137586
5973,SportsEquipment,33396,1529,294762,63797
5974,SportsEquipment,51580,3301,684749,202734
5975,SportsEquipment,27897,2132,108061,16319
5976,SportsEquipment,36273,6708,172095,46224
5977,SportsEquipment,8831,947,52388,12557
5978,SportsEquipment,25213,741,276687,65493
5979,SportsEquipment,22641,1765,284908,61592
5980,SportsEquipment,5066,281,149077,34590
5981,SportsEquipment,38428,3559,225261,75604
5982,SportsEquipment,35195,11335,364863,90141
5983,SportsEquipment,20797,765,178750,46200
5984,SportsEquipment,32295,2010,573392,158758
5985,SportsEquipment,18831,1139,276701,53187
5986,SportsEquipment,6501,1280,145339,35149
5987,SportsEquipment,20731,2623,174805,68992
5988,SportsEquipment,99956,16925,544322,118132
5989,SportsEquipment,56079,5327,168112,41593
5990,SportsEquipment,69184,3765,722276,207573
5991,SportsEquipment,38005,7895,27488,7289
5992,SportsEquipment,86243,4648,194906,50447
5993,SportsEquipment,24835,2143,361502,98784
5994,SportsEquipment,78189,5089,830952,159270
5995,SportsEquipment,21194,1743,57830,17784
5996,SportsEquipment,20258,1111,153840,43712
5997,SportsEquipment,6054,1807,284090,86206
5998,SportsEquipment,36313,2088,82187,26461
5999,SportsEquipment,58183,8506,365077,110709
6000,SportsEquipment,26765,1547,215207,44839
6001,SportsEquipment,30232,5623,327651,68296
6002,SportsEquipment,30775,2267,748391,171706
6003,SportsEquipment,31883,5151,345147,75215
6004,SportsEquipment,59059,6256,442681,122149
6005,SportsEquipment,84436,6184,272170,86672
6006,SportsEquipment,15943,2636,88765,22737
6007,SportsEquipment,67826,3592,969050,193640
6008,SportsEquipment,21601,1964,186333,54684
6009,SportsEquipment,23253,2042,283078,61586
6010,SportsEquipment,26617,2082,527177,85352
6011,SportsEquipment,62987,2908,51034,14022
6012,SportsEquipment,18747,1726,199965,41722
6013,SportsEquipment,28378,854,575761,148903
6014,SportsEquipment,15691,2555,70147,22569
6015,SportsEquipment,19597,2864,216073,55979
6016,SportsEquipment,5823,1435,102791,22255
6017,SportsEquipment,39628,6040,444343,98208
6018,SportsEquipment,45139,2825,265313,62664
6019,SportsEquipment,26210,2206,119978,30462
6020,SportsEquipment,17724,1656,88548,27273
6021,SportsEquipment,20165,627,406155,110925
6022,SportsEquipment,60579,3388,178603,41508
6023,SportsEquipment,17548,2163,390598,101394
6024,SportsEquipment,34433,3435,627394,137616
6025,SportsEquipment,18653,1575,98638,32801
6026,SportsEquipment,18464,3696,321002,55659
6027,SportsEquipment,26533,1679,522325,104784
6028,SportsEquipment,198359,8828,368705,117244
6029,SportsEquipment,11984,934,126703,30792
6030,SportsEquipment,81962,2461,527521,142193
6031,SportsEquipment,62354,5186,171045,34609
6032,SportsEquipment,16036,565,194393,37960
6033,SportsEquipment,21410,1561,2616830,716791
6034,SportsEquipment,15326,2690,45946,9057
6035,SportsEquipment,39104,2807,513170,127109
6036,SportsEquipment,33316,1542,343586,93768
6037,SportsEquipment,7821,985,225007,54934
6038,SportsEquipment,29727,2970,392818,73519
6039,SportsEquipment,107809,3748,459246,124458
6040,SportsEquipment,55864,2442,111203,32035
6041,SportsEquipment,39787,3467,264058,49340
6042,SportsEquipment,42162,5075,228522,55305
6043,SportsEquipment,53519,4115,789828,135387
6044,SportsEquipment,6785,1307,125714,38605
6045,SportsEquipment,27633,5630,121743,25144
6046,SportsEquipment,55331,7725,98250,24142
6047,SportsEquipment,28226,2595,96245,28676
6048,SportsEquipment,54870,8560,658819,143582
6049,SportsEquipment,36542,2862,372202,81344
6050,SportsEquipment,81380,3808,703949,196777
6051,SportsEquipment,39390,2791,154655,27289
6052,SportsEquipment,43939,2029,102351,29166
6053,SportsEquipment,25693,864,320207,76709
6054,SportsEquipment,19289,2699,234780,61374
6055,SportsEquipment,55819,14818,701642,189450
6056,SportsEquipment,78393,17097,201086,50810
6057,SportsEquipment,33531,3840,600891,189298
6058,SportsEquipment,34505,1499,361026,74237
6059,SportsEquipment,28011,1544,278815,64288
6060,SportsEquipment,75388,2233,1130597,254110
6061,SportsEquipment,124391,5919,567087,117708
6062,SportsEquipment,51132,3889,1532156,266084
6063,SportsEquipment,63211,6861,125218,31578
6064,SportsEquipment,151545,9246,644281,171538
6065,SportsEquipment,11798,2121,238205,41550
6066,SportsEquipment,50149,3896,278219,65222
6067,SportsEquipment,3965,788,277099,45580
6068,SportsEquipment,24757,3206,530179,145208
6069,SportsEquipment,70102,19082,95373,18547
6070,SportsEquipment,121203,7299,499039,124416
6071,SportsEquipment,22634,1952,181599,38751
6072,SportsEquipment,58261,3256,371377,55313
6073,SportsEquipment,82857,3097,112284,23651
6074,SportsEquipment,37705,1952,202888,61532
6075,SportsEquipment,7822,1694,342133,76109
6076,SportsEquipment,15822,567,71001,14206
6077,SportsEquipment,26223,1067,203982,31657
6078,SportsEquipment,64689,5427,61487,13883
6079,SportsEquipment,25486,2195,194600,41682
6080,SportsEquipment,39586,2909,278811,70621
6081,SportsEquipment,23516,1503,213764,42013
6082,SportsEquipment,17905,1863,298634,92832
6083,SportsEquipment,9784,573,165389,40283
6084,SportsEquipment,103714,8633,876180,172322
6085,SportsEquipment,41623,4208,135346,32924
6086,SportsEquipment,35291,2686,21163,4712
6087,SportsEquipment,60544,4188,176493,43476
6088,SportsEquipment,15522,993,215206,36981
6089,SportsEquipment,54335,3969,2041098,469035
6090,SportsEquipment,18592,1143,551750,103266
6091,SportsEquipment,11368,1446,179100,53748
6092,SportsEquipment,10900,1036,147484,35867
6093,SportsEquipment,33903,2295,230969,59438
6094,SportsEquipment,13755,1286,228651,50953
6095,SportsEquipment,7986,793,100350,18785
6096,SportsEquipment,10816,1217,123116,24207
6097,SportsEquipment,97375,11918,559061,113212
6098,SportsEquipment,107212,7878,1102144,282545
6099,SportsEquipment,56986,2362,73751,15565
6100,SportsEquipment,39667,952,206583,48664
6101,SportsEquipment,239410,13353,304071,56362
6102,SportsEquipment,20155,621,411314,84374
6103,SportsEquipment,19961,2558,152353,41884
6104,SportsEquipment,46575,5064,201799,39686
6105,SportsEquipment,20348,2573,156638,42752
6106,SportsEquipment,21278,5290,332782,63444
6107,SportsEquipment,27120,2007,71182,14945
6108,SportsEquipment,19867,799,198113,44299
6109,SportsEquipment,20595,5693,127463,32605
6110,SportsEquipment,18636,1309,398494,116262
6111,SportsEquipment,80666,6693,294981,77953
6112,SportsEquipment,33222,699,258498,56333
6113,SportsEquipment,6668,318,222100,51317
6114,SportsEquipment,27494,785,721517,149374
6115,SportsEquipment,139301,10545,409002,103766
6116,SportsEquipment,21726,4097,244275,52526
6117,SportsEquipment,31442,3401,247718,61043
6118,SportsEquipment,37619,7472,134934,26023
6119,SportsEquipment,20973,2518,515603,120998
6120,SportsEquipment,9368,1886,73114,17709
6121,SportsEquipment,20535,1444,248600,71470
6122,SportsEquipment,72107,3148,842630,235709
6123,SportsEquipment,22811,1556,431098,126023
6124,SportsEquipment,16388,2102,297042,62270
6125,SportsEquipment,15114,1574,194124,42437
6126,SportsEquipment,74651,8959,295432,93591
6127,SportsEquipment,18657,1243,383739,127065
6128,SportsEquipment,11811,2257,276582,70971
6129,SportsEquipment,45835,1645,139506,36988
6130,SportsEquipment,6216,945,531347,137256
6131,SportsEquipment,29993,3051,100407,18885
6132,SportsEquipment,9001,1431,139989,29745
6133,SportsEquipment,35663,2706,329546,58070
6134,SportsEquipment,68169,5731,135248,28322
6135,SportsEquipment,4810,283,74577,12993
6136,SportsEquipment,24959,1028,179267,40626
6137,SportsEquipment,19544,2041,244770,82911
6138,SportsEquipment,11681,2039,304817,71303
6139,SportsEquipment,18084,685,317511,63920
6140,SportsEquipment,23912,604,108227,22703
6141,SportsEquipment,140799,9238,793595,212022
6142,Toys,69462,6185,280383,82384
6143,Toys,13259,118,98950,28223
6144,Toys,33363,3673,73201,11052
6145,Toys,8536,325,94023,21429
6146,Toys,5497,345,47654,11377
6147,Toys,12398,535,138054,28136
6148,Toys,22010,950,26556,7367
6149,Toys,4259,347,164243,37737
6150,Toys,5079,784,59478,13356
6151,Toys,7887,662,176382,55396
6152,Toys,6809,239,29182,9171
6153,Toys,14939,1682,38942,7005
6154,Toys,22695,2060,46306,11282
6155,Toys,14479,571,76190,20241
6156,Toys,21698,757,76716,22908
6157,Toys,6938,632,74506,17841
6158,Toys,17085,1095,152982,38327
6159,Toys,5586,230,55766,13413
6160,Toys,9361,636,74774,23226
6161,Toys,20886,1126,56921,16821
6162,Toys,21904,689,71502,12496
6163,Toys,2911,293,40218,8861
6164,Toys,1830,214,26511,7705
6165,Toys,21645,551,36784,7850
6166,Toys,24844,685,32458,7376
6167,Toys,27290,833,69534,17893
6168,Toys,19536,978,60066,14225
6169,Toys,24434,1241,77344,24784
6170,Toys,7062,404,55433,17035
6171,Toys,22220,1867,58717,15910
6172,Toys,10078,510,150619,35787
6173,Toys,4901,286,89361,18300
6174,Toys,38645,1233,158786,40371
6175,Toys,9121,1022,91807,25971
6176,Toys,20844,908,52632,14444
6177,Toys,7455,364,37913,11882
6178,Toys,17198,556,203678,57502
6179,Toys,22596,1558,108468,30908
6180,Toys,9736,323,138608,34250
6181,Toys,5808,316,19337,5987
6182,Toys,11206,1467,61249,13027
6183,Toys,6368,343,138587,40627
6184,Toys,9471,394,128814,26781
6185,Toys,11086,861,119535,25600
6186,Toys,77978,1767,130130,25977
6187,Toys,15223,795,140590,28379
6188,Toys,19796,824,76343,18194
6189,Toys,42533,2145,92791,13941
6190,Toys,36916,6734,64879,19051
6191,Toys,3845,225,30665,8327
6192,Toys,32446,2006,90507,22325
6193,Toys,4747,277,87619,19186
6194,Toys,7986,877,70303,19198
6195,Toys,8310,824,19091,4557
6196,Toys,5954,306,19244,5752
6197,Toys,4774,112,224936,55975
6198,Toys,26226,1642,167674,37107
6199,Toys,31707,1893,61011,16471
6200,Toys,39952,1654,78638,15768
6201,Toys,10399,842,46626,11126
6202,Toys,17570,673,93469,18470
6203,Toys,35044,650,71831,15224
6204,Toys,3292,279,276758,92581
6205,Toys,18515,951,78068,17766
6206,Toys,7621,408,34914,8193
6207,Toys,10911,344,97975,23082
6208,Toys,8042,704,76031,16271
6209,Toys,12531,619,34168,6732
6210,Toys,11621,730,62515,13471
6211,Toys,17977,1230,177897,40352
6212,Toys,27508,1011,45686,9467
6213,Toys,9681,317,79537,22370
6214,Toys,10994,1438,17712,3247
6215,Toys,14414,287,129601,27865
6216,Toys,9718,368,92547,19207
6217,Toys,15566,811,226666,47016
6218,Toys,2471,324,38663,8621
6219,Toys,10480,755,38433,10018
6220,Toys,6657,414,71668,20606
6221,Toys,70910,4377,64261,12577
6222,Toys,17647,1075,86277,15147
6223,Toys,13895,1429,37459,8932
6224,Toys,18121,655,70267,15967
6225,Toys,14463,186,97521,20002
6226,Toys,8137,381,84471,22889
6227,Toys,8484,738,70298,20793
6228,Toys,7117,329,457268,83109
6229,Toys,6185,250,28179,5905
6230,Toys,13963,1752,51634,11932
6231,Toys,20010,496,133481,43720
6232,Toys,11427,145,52951,11362
6233,Toys,27424,1757,75747,17198
6234,Toys,14386,891,68058,18109
6235,Toys,25250,1602,39800,7132
6236,Toys,12810,632,34546,10015
6237,Toys,11181,694,28924,7359
6238,Toys,27155,764,102388,22347
6239,Toys,18310,913,68594,17766
6240,Toys,9505,404,47020,11104
6241,Toys,34412,2930,57686,11865
6242,Toys,22130,960,168107,53616
6243,Toys,12151,685,89841,29521
6244,Toys,8816,191,80595,25116
6245,Toys,55756,2600,71253,14524
6246,Toys,20221,873,38492,9159
6247,Toys,20828,646,179489,39798
6248,Toys,16065,812,62373,16268
6249,Toys,39714,1991,106410,33534
6250,Toys,14211,842,43201,14557
6251,Toys,2540,228,24650,5246
6252,Toys,7672,111,139177,38586
6253,Toys,15869,1326,348143,65696
6254,Toys,8217,364,20293,5567
6255,Toys,7672,626,52830,12029
6256,Toys,10516,706,53052,13217
6257,Toys,31888,909,70876,16407
6258,Toys,3482,223,11655,3454
6259,Toys,31799,678,45400,12740
6260,Toys,13179,1374,33377,7611
6261,Toys,46239,1890,143023,26901
6262,Toys,8363,841,65305,19879
6263,Toys,8975,548,67717,19086
6264,Toys,25408,931,70738,23408
6265,Toys,9400,948,105969,23447
6266,Toys,7159,382,142263,30054
6267,Toys,21919,923,122168,26865
6268,Toys,10510,820,17868,4987
6269,Toys,11269,1154,47118,7162
6270,Toys,29671,1014,36592,6012
6271,Toys,8631,1009,67660,21772
6272,Toys,27330,792,40702,10430
6273,Toys,22769,591,120349,26052
6274,Toys,21082,1060,56145,12491
6275,Toys,14213,773,316037,83191
6276,Toys,11243,1757,90856,23597
6277,Toys,37352,1893,105693,29218
6278,Toys,6828,722,36511,9880
6279,Toys,4780,113,72673,15637
6280,Toys,13502,639,49129,11807
6281,Toys,31137,1061,132300,27045
6282,Toys,42080,2185,98718,29745
6283,Toys,6605,345,59421,13770
6284,Toys,7823,266,78093,20753
6285,Toys,18783,740,109026,38664
6286,Toys,28099,1629,126600,33111
6287,Toys,39838,986,260207,44300
6288,Toys,6679,329,47607,12733
6289,Toys,20977,3969,84281,21680
6290,Toys,14671,2375,10544,2217
6291,Toys,11735,205,37013,6573
6292,Toys,70912,1749,83630,22527
6293,Toys,18847,710,88590,26028
6294,Toys,16594,880,120785,23454
6295,Toys,20171,1822,53549,12943
6296,Toys,78517,3608,125469,32668
6297,Toys,14581,909,24710,5534
6298,Toys,24402,577,44178,9816
6299,Toys,24316,1463,143755,34407
6300,Toys,23067,564,64230,20416
6301,Toys,7260,315,72039,16867
6302,Toys,24564,844,109376,27439
6303,Toys,18736,1228,38707,8664
6304,Toys,29641,1006,23363,6913
6305,Toys,38891,1996,113198,29064
6306,Toys,3675,173,38745,12701
6307,Toys,6287,1049,166805,32997
6308,Toys,25110,1729,26865,6175
6309,Toys,20184,917,92895,24438
6310,Toys,54769,2156,88342,18535
6311,Toys,8878,665,225262,51944
6312,Toys,8423,644,86591,18804
6313,Toys,13479,257,51573,12437
6314,Toys,52298,1445,211976,48277
6315,Toys,13868,976,62365,11794
6316,Toys,5802,262,74716,19192
6317,Toys,20291,851,17189,3428
6318,Toys,4392,255,36133,11136
6319,Toys,6661,1021,17010,3982
6320,Toys,34773,2124,123682,35858
6321,Toys,99990,1087,63165,20094
6322,Toys,59920,3270,206742,79636
6323,Toys,30781,1925,36497,7848
6324,Toys,20323,658,92594,21368
6325,Toys,35083,1684,227370,59334
6326,Toys,11978,929,145455,34196
6327,Toys,28488,1158,165360,39231
6328,Toys,22319,1034,78898,16438
6329,Toys,7122,981,39458,8660
6330,Toys,6246,359,28301,6981
6331,Toys,10687,1146,129758,31852
6332,Toys,9254,373,63066,11893
6333,Toys,56347,3782,79199,23599
6334,Toys,50241,1036,106661,24032
6335,Toys,12188,775,76040,22357
6336,Toys,8408,607,28166,6431
6337,Toys,8611,516,28377,6787
6338,Toys,6543,348,55056,10344
6339,Toys,6743,735,40067,10311
6340,Toys,68553,5265,269962,68298
6341,Toys,21491,831,62296,13843
6342,Toys,10860,559,24095,6686
6343,Toys,11350,1272,42403,13221
6344,Toys,3427,179,62625,15616
6345,Toys,2052,438,26178,7050
6346,Toys,43646,2761,237305,51660
6347,Toys,11827,643,132110,37011
6348,Toys,8573,626,123312,25227
6349,Toys,13396,1588,55315,14701
6350,Toys,22048,1538,50143,10048
6351,Toys,10649,585,83986,26414
6352,Toys,5474,628,85685,15607
6353,Toys,17786,851,247846,70678
6354,Toys,18320,449,112488,17701
6355,Toys,43761,1841,29767,5645
6356,Toys,14098,742,25565,7820
6357,Toys,20618,1005,71950,19217
6358,Toys,11123,587,134566,28876
6359,Toys,2272,395,118763,39097
6360,Toys,4735,200,27842,8315
6361,Toys,3043,300,34335,7016
6362,Toys,8775,473,120828,24185
6363,Toys,45993,1857,79727,20521
6364,Toys,16872,527,75048,17073
6365,Toys,16352,1530,53322,16462
6366,Toys,24433,543,17056,3968
6367,Toys,5787,168,130669,28947
6368,Toys,12814,761,104282,21515
6369,Toys,17604,1106,46343,9947
6370,Toys,16809,542,153127,40312
6371,Toys,16752,796,179021,56848
6372,Toys,24501,1241,117675,22496
6373,Toys,7020,439,49197,11952
6374,Toys,17622,725,85312,19875
6375,Toys,15527,483,47316,6433
6376,Toys,5256,689,23750,5022
6377,Toys,21412,504,88684,20864
6378,Toys,13816,631,47211,13053
6379,Toys,12344,1042,32758,7233
6380,Toys,6148,673,67467,16925
6381,Toys,26339,1723,117570,23463
6382,Toys,47380,524,24250,7392
6383,Toys,7357,433,62603,9997
6384,Toys,11290,540,24870,7983
6385,Toys,9905,865,163382,33027
6386,Toys,48779,7224,90886,18813
6387,Toys,6453,257,78702,15789
6388,Toys,21414,682,148114,43306
6389,Toys,40923,1142,48856,12114
6390,Toys,13092,762,44226,10908
6391,Toys,17754,1206,205163,42151
6392,Toys,25918,839,46276,8348
6393,Toys,8294,268,33744,7297
6394,Toys,32880,2180,13081,3850
6395,Toys,12397,729,33557,7257
6396,Toys,12534,562,29304,7104
6397,Toys,17519,505,24880,6072
6398,Toys,2186,211,22355,3851
6399,Toys,20295,516,78044,17264
6400,Toys,10522,303,101236,24217
6401,Toys,42005,2793,109302,32499
6402,Toys,45047,1813,26638,6745
6403,Toys,28589,5354,24950,6088
6404,Toys,7329,324,88397,16890
6405,Toys,10938,461,14786,2796
6406,Toys,11534,464,84553,21571
6407,Toys,14467,441,107763,33867
6408,Toys,35099,1578,86428,28986
6409,Toys,5516,469,66022,13727
6410,Toys,18558,758,121991,30549
6411,Toys,8542,199,38716,11569
6412,Toys,7506,377,99601,35849
6413,Toys,33677,1030,121716,40516
6414,Toys,10488,1050,136367,36052
6415,Toys,13811,1582,51668,13334
6416,Toys,2796,216,15812,4686
6417,Toys,24481,1170,171611,54546
6418,Toys,23677,1507,45484,13648
6419,Toys,10850,675,43210,10273
6420,Toys,7117,251,81912,15798
6421,Toys,9959,427,234306,47183
6422,Toys,19448,1652,91712,18383
6423,Toys,42791,2060,167090,27196
6424,Toys,6822,316,62251,14366
6425,Toys,22222,1207,156899,32051
6426,Toys,7883,667,35835,9435
6427,Toys,2263,230,64054,12700
6428,Toys,20028,1471,176057,52415
6429,Toys,43098,1912,14056,3466
6430,Toys,34872,2081,25320,7026
6431,Toys,32094,3304,62314,14825
6432,Toys,8226,493,40670,9575
6433,Toys,20133,1431,203586,45336
6434,Toys,65626,2203,103646,24236
6435,Toys,25435,1935,41206,8311
6436,Toys,31016,1155,116504,27074
6437,Toys,80219,3473,45147,12151
6438,Toys,19770,1129,197203,47112
6439,Toys,18137,1239,72106,15183
6440,Toys,64111,6522,251946,65059
6441,Toys,14796,1006,52270,11237
6442,Toys,16286,1005,92083,20068
6443,Toys,14670,768,435233,111004
6444,Toys,3580,145,23091,4586
6445,Toys,12993,802,110661,26238
6446,Toys,6893,323,29735,5515
6447,Toys,12075,857,35490,8983
6448,Toys,15533,2039,36572,9264
6449,Toys,67834,3502,190034,38423
6450,Toys,3243,211,80108,16648
6451,Toys,7564,558,24649,7861
6452,Toys,6498,582,50545,8761
6453,Toys,20553,1179,175592,27721
6454,Toys,22313,1033,33951,8295
6455,Toys,12099,382,135847,45785
6456,Toys,5375,316,117467,29538
6457,Toys,14922,1036,133549,22215
6458,Toys,21959,673,55339,13219
6459,Toys,13146,815,35769,9893
6460,Toys,11566,566,15198,3546
6461,Toys,10770,654,52281,8144
6462,Toys,31598,1467,80176,22038
6463,Toys,16749,567,41200,9183
6464,Toys,20048,1057,41917,8681
6465,Toys,15702,1361,193874,45037
6466,Toys,10140,644,34453,6752
6467,Toys,16657,643,107946,25947
6468,Toys,8310,841,194958,49476
6469,Toys,72701,3283,108177,25392
6470,Toys,2908,229,49838,14841
6471,Toys,10813,716,113665,31086
6472,Toys,5260,518,63380,13490
6473,Toys,92732,4540,56289,9915
6474,Toys,3441,369,198610,51601
6475,Toys,8191,545,57912,12158
6476,Toys,52535,3120,33407,10031
6477,Toys,14288,966,57883,14183
6478,Toys,8547,354,79964,24166
6479,Toys,32618,1005,72259,18676
6480,Toys,14461,1829,24070,4260
6481,Toys,15447,246,98737,30900
6482,Toys,9223,1024,87584,24776
6483,Toys,77535,4115,243089,60339
6484,Toys,13375,2339,32608,7307
6485,Toys,36340,1253,134577,30910
6486,Toys,12079,1252,63973,15099
6487,Toys,12607,751,54957,14182
6488,Toys,7267,273,23233,5781
6489,Toys,15764,1567,41277,8862
6490,Toys,16040,1092,107217,28545
6491,Toys,25641,1480,245392,70741
6492,Toys,8070,543,74256,14639
6493,Toys,16458,941,96969,25191
6494,Toys,29909,1910,31636,6044
6495,Toys,18359,797,112160,23284
6496,Toys,12955,335,118335,29519
6497,Toys,13988,1125,53946,12497
6498,Toys,20424,895,143542,34203
6499,Toys,10051,1178,59712,12489
6500,Toys,11673,1100,147566,45595
6501,Toys,11658,388,55691,12358
6502,Toys,35371,1319,230905,53544
6503,Toys,13562,852,35128,8369
6504,Toys,22248,1765,63629,15319
6505,Toys,15811,1187,150978,32748
6506,Toys,19302,988,48055,13293
6507,Toys,4571,318,52349,13135
6508,Toys,23692,1720,145966,25759
6509,Toys,24723,984,168244,41328
6510,Toys,15366,1529,105548,18848
6511,Toys,5033,376,43193,8611
6512,Toys,13055,793,87923,16797
6513,Toys,33006,1373,191292,68077
6514,Toys,12361,746,28644,6289
6515,Toys,21658,865,111809,32414
6516,Toys,17095,779,44141,10368
6517,Toys,24854,1220,60397,11132
6518,Toys,15328,1001,220925,56988
6519,Toys,107339,3013,38694,7436
6520,Toys,16685,543,77884,15754
6521,Toys,10531,516,51109,13817
6522,BabyProducts,51986,1818,66306,13094
6523,BabyProducts,49198,3125,39074,6915
6524,BabyProducts,13399,1131,276602,48455
6525,BabyProducts,17052,1774,51025,9859
6526,BabyProducts,24186,1100,216316,41019
6527,BabyProducts,16850,924,135030,20051
6528,BabyProducts,12360,1346,89781,16457
6529,BabyProducts,42307,3855,317611,49221
6530,BabyProducts,14544,2345,219105,48479
6531,BabyProducts,16516,1823,171197,28620
6532,BabyProducts,35163,1709,138395,27351
6533,BabyProducts,8894,362,311150,54803
6534,BabyProducts,45126,1591,350881,82172
6535,BabyProducts,21837,1590,47866,12139
6536,BabyProducts,53522,6429,468245,91790
6537,BabyProducts,21289,1512,50692,12635
6538,BabyProducts,53735,4970,272906,54275
6539,BabyProducts,31816,2857,428836,68557
6540,BabyProducts,71323,4186,169143,31065
6541,BabyProducts,63568,3511,16372,2988
6542,BabyProducts,21726,2625,288792,67751
6543,BabyProducts,12022,936,68679,12607
6544,BabyProducts,36180,4383,157538,37053
6545,BabyProducts,5642,407,10560,2447
6546,BabyProducts,24601,4108,67850,12711
6547,BabyProducts,15569,765,61228,12837
6548,BabyProducts,8325,1317,38460,7491
6549,BabyProducts,38114,4828,368809,56914
6550,BabyProducts,34180,2852,38198,5162
6551,BabyProducts,9868,1261,83870,16425
6552,BabyProducts,28363,3590,62840,13336
6553,BabyProducts,27953,1475,177930,26123
6554,BabyProducts,21783,2132,121706,19214
6555,BabyProducts,20263,751,71140,17989
6556,BabyProducts,41622,3687,158910,35678
6557,BabyProducts,12788,2834,166426,41087
6558,BabyProducts,117160,6840,170749,27372
6559,BabyProducts,82744,4330,82497,13482
6560,BabyProducts,12692,620,149567,31259
6561,BabyProducts,9200,856,106848,24950
6562,BabyProducts,21414,1251,59513,12159
6563,BabyProducts,26632,5345,168771,40100
6564,BabyProducts,22344,2466,87431,16397
6565,BabyProducts,30004,2045,113802,21071
6566,BabyProducts,9556,661,173341,31070
6567,BabyProducts,39747,2944,301070,46171
6568,BabyProducts,35922,4301,71386,10586
6569,BabyProducts,57297,6103,80979,11587
6570,BabyProducts,27666,2723,86854,14756
6571,BabyProducts,5956,625,45412,9488
6572,BabyProducts,79176,7583,156625,40341
6573,BabyProducts,18935,1841,573184,118872
6574,BabyProducts,17437,5008,87556,15514
6575,BabyProducts,14433,909,38387,7101
6576,BabyProducts,122366,7622,197227,36887
6577,BabyProducts,21361,1784,35209,8101
6578,BabyProducts,21173,3134,164847,25886
6579,BabyProducts,36147,3119,95683,17698
6580,BabyProducts,24408,1725,155841,25081
6581,BabyProducts,40198,3119,55783,13668
6582,BabyProducts,26029,2914,300948,71002
6583,BabyProducts,21307,1176,53969,11514
6584,BabyProducts,52926,2523,106492,32909
6585,BabyProducts,40009,1759,78499,22426
6586,BabyProducts,8522,488,73889,14489
6587,BabyProducts,15214,1512,167861,44436
6588,BabyProducts,14118,532,197794,36955
6589,BabyProducts,41089,2418,365262,80628
6590,BabyProducts,16869,1445,26086,4713
6591,BabyProducts,18806,1170,62599,12133
6592,BabyProducts,29122,788,347067,81883
6593,BabyProducts,14957,860,98925,19895
6594,BabyProducts,12858,1351,144490,31713
6595,BabyProducts,20650,2162,128344,35017
6596,BabyProducts,27276,3707,202938,39144
6597,BabyProducts,87460,8700,324876,60940
6598,BabyProducts,18707,1511,97882,24928
6599,BabyProducts,25698,4732,45598,7572
6600,BabyProducts,72716,3576,224199,51047
6601,BabyProducts,15284,1396,227648,44642
6602,BabyProducts,72241,5177,48124,6998
6603,BabyProducts,108126,6483,86714,20324
6604,BabyProducts,29257,3096,36884,7039
6605,BabyProducts,35678,6581,168437,32724
6606,BabyProducts,15625,1278,81065,14409
6607,BabyProducts,42986,8254,275986,60317
6608,BabyProducts,50012,2141,21694,5505
6609,BabyProducts,7863,931,101961,27199
6610,BabyProducts,53173,3086,61724,9139
6611,BabyProducts,84979,5411,264441,55721
6612,BabyProducts,102009,7047,463222,134346
6613,BabyProducts,36144,1801,50339,12329
6614,BabyProducts,16551,1456,45554,7655
6615,BabyProducts,18666,1516,61914,10846
6616,BabyProducts,26681,3474,194399,28738
6617,BabyProducts,40409,2868,51204,9421
6618,BabyProducts,76562,5896,85693,26561
6619,BabyProducts,124840,7939,145247,26733
6620,BabyProducts,27054,2533,90720,21235
6621,BabyProducts,29428,3276,286259,61661
6622,BabyProducts,7955,988,72523,20796
6623,BabyProducts,110029,7137,59213,10422
6624,BabyProducts,50327,3704,131930,24996
6625,BabyProducts,12124,838,90620,20411
6626,BabyProducts,22097,1186,242627,56248
6627,BabyProducts,21179,1423,135400,32186
6628,BabyProducts,10941,1672,132932,34769
6629,BabyProducts,19690,1313,118227,24151
6630,BabyProducts,20535,1127,93934,20046
6631,BabyProducts,9792,1565,179145,37405
6632,BabyProducts,13627,831,120118,23252
6633,BabyProducts,21023,2470,211986,46455
6634,BabyProducts,21959,1885,72376,13317
6635,BabyProducts,53051,2912,158748,37573
6636,BabyProducts,12213,685,53148,9682
6637,BabyProducts,5611,515,152559,24976
6638,BabyProducts,68023,3355,141672,32772
6639,BabyProducts,37303,2130,83629,13473
6640,BabyProducts,14089,6406,69654,13013
6641,BabyProducts,12443,807,127755,21435
6642,BabyProducts,13525,1174,65680,13246
6643,BabyProducts,38088,1638,100490,18940
6644,BabyProducts,34912,1871,381479,71164
6645,BabyProducts,51427,2194,240630,47985
6646,BabyProducts,47961,3556,129652,23131
6647,BabyProducts,13834,1419,132854,25842
6648,BabyProducts,34621,2317,77987,20061
6649,BabyProducts,24349,1945,177602,35584
6650,BabyProducts,7358,1284,42179,7905
6651,BabyProducts,17682,966,29115,4202
6652,BabyProducts,40421,995,130563,25825
6653,BabyProducts,16164,2167,58780,12165
6654,BabyProducts,47366,2868,454002,95959
6655,BabyProducts,29039,2998,73778,12058
6656,BabyProducts,209216,14434,155942,23145
6657,BabyProducts,38531,5453,287735,54423
6658,BabyProducts,22499,1320,97773,21567
6659,BabyProducts,19389,4856,231050,38838
6660,BabyProducts,19399,1588,72952,17813
6661,BabyProducts,14411,355,85670,16379
6662,BabyProducts,48845,3847,126940,30151
6663,BabyProducts,15774,1122,47627,7209
6664,BabyProducts,22652,2721,55160,11752
6665,BabyProducts,56850,3080,113439,21888
6666,BabyProducts,25366,1935,97589,23436
6667,BabyProducts,9254,864,81712,20084
6668,BabyProducts,22608,1790,135117,19842
6669,BabyProducts,70161,2308,107388,20784
6670,BabyProducts,61767,7945,179067,53038
6671,BabyProducts,38136,4877,96900,15542
6672,BabyProducts,28962,1391,303000,65120
6673,BabyProducts,22604,1823,70625,13317
6674,BabyProducts,22563,1333,35637,7538
6675,BabyProducts,27976,4604,253023,46908
6676,BabyProducts,32427,3110,56654,10445
6677,BabyProducts,48694,3848,216838,43745
6678,BabyProducts,62541,3216,297528,52581
6679,BabyProducts,11481,2025,54465,13765
6680,BabyProducts,52732,3792,85953,13573
6681,BabyProducts,12294,1075,131349,27918
6682,BabyProducts,18941,972,81188,14329
6683,BabyProducts,25168,1876,110208,33876
6684,BabyProducts,132917,4001,143387,25236
6685,BabyProducts,32167,1258,59323,12269
6686,BabyProducts,9975,1080,204954,32353
6687,BabyProducts,56597,3477,223851,63286
6688,BabyProducts,62639,5067,54366,11552
6689,BabyProducts,5513,685,28779,5606
6690,BabyProducts,47662,2778,27657,5250
6691,BabyProducts,13053,1022,85023,12634
6692,BabyProducts,38577,2560,206470,37956
6693,BabyProducts,25799,2688,165771,37957
6694,BabyProducts,72006,5322,93798,12389
6695,BabyProducts,19715,1467,91919,17232
6696,BabyProducts,23867,1697,66365,11992
6697,BabyProducts,14785,1176,35624,8223
6698,BabyProducts,7847,607,102183,21401
6699,BabyProducts,26840,5022,101207,27489
6700,BabyProducts,11531,1175,89816,13040
6701,BabyProducts,17307,2550,172129,28681
6702,BabyProducts,38581,948,397644,91591
6703,BabyProducts,44969,2740,218210,44373
6704,BabyProducts,10627,1891,132985,27400
6705,BabyProducts,37127,1812,42364,7163
6706,BabyProducts,55880,1403,203905,33386
6707,BabyProducts,43883,2467,150907,22430
6708,BabyProducts,34812,1728,82517,15396
6709,BabyProducts,22492,2335,86544,16941
6710,BabyProducts,35200,1663,209831,48225
6711,BabyProducts,9720,1055,113990,34591
6712,BabyProducts,43572,4091,106156,22418
6713,BabyProducts,12925,1401,37682,6535
6714,BabyProducts,75302,5500,163906,31377
6715,BabyProducts,67852,4460,63348,13344
6716,BabyProducts,78225,5646,135760,23010
6717,BabyProducts,51707,5940,274488,43803
6718,BabyProducts,24698,2508,89658,15293
6719,BabyProducts,49622,2695,111455,22424
6720,BabyProducts,16741,450,153952,26179
6721,BabyProducts,60140,1546,384877,94415
6722,BabyProducts,33658,953,135443,25618
6723,BabyProducts,14590,1139,67517,13501
6724,BabyProducts,8007,445,85396,19495
6725,BabyProducts,7435,1473,47727,7331
6726,BabyProducts,9370,733,122670,25677
6727,BabyProducts,28352,3038,168883,45635
6728,BabyProducts,26018,1599,122844,26140
6729,BabyProducts,20181,976,47765,9101
6730,BabyProducts,60606,3589,100911,17591
6731,BabyProducts,11763,1597,197558,38357
6732,CarAccessories,24449,3034,72449,19864
6733,CarAccessories,2351,2126,17914,5000
6734,CarAccessories,7505,1817,14797,4916
6735,CarAccessories,19064,2388,182354,43807
6736,CarAccessories,5074,2852,58383,14077
6737,CarAccessories,14326,5733,167921,35769
6738,CarAccessories,9387,6301,97242,27200
6739,CarAccessories,22274,2750,160346,36127
6740,CarAccessories,6852,1542,231302,44445
6741,CarAccessories,11167,4684,56361,13843
6742,CarAccessories,3150,2953,164477,40171
6743,CarAccessories,5760,1434,141187,36410
6744,CarAccessories,13017,2887,178643,35265
6745,CarAccessories,10031,3128,80668,22105
6746,CarAccessories,5977,2893,186571,38851
6747,CarAccessories,11089,4232,194250,46535
6748,CarAccessories,10263,3093,89903,23894
6749,CarAccessories,14918,11591,99691,19769
6750,CarAccessories,56554,8366,56357,13362
6751,CarAccessories,18358,4969,57285,14651
6752,CarAccessories,21448,2720,53431,10912
6753,CarAccessories,13684,3422,60426,16455
6754,CarAccessories,10889,1865,19539,4269
6755,CarAccessories,10994,4320,76463,19889
6756,CarAccessories,3646,2016,93036,22908
6757,CarAccessories,8719,3942,131229,36715
6758,CarAccessories,4898,4062,140108,25336
6759,CarAccessories,26025,15032,261543,64906
6760,CarAccessories,6344,4046,102635,26366
6761,CarAccessories,7654,5309,43040,14090
6762,CarAccessories,14733,4056,31606,8796
6763,CarAccessories,7357,4681,138764,30875
6764,CarAccessories,23789,7206,97319,20485
6765,CarAccessories,16388,3336,25811,6415
6766,CarAccessories,5190,1145,40675,7341
6767,CarAccessories,60813,16019,135664,22192
6768,CarAccessories,15847,9076,48978,12252
6769,CarAccessories,9168,6411,62405,11756
6770,CarAccessories,10756,1889,47414,11725
6771,CarAccessories,5376,1037,259994,68449
6772,CarAccessories,12799,2353,140616,45284
6773,CarAccessories,27135,5633,248988,53431
6774,CarAccessories,29035,14427,348934,82079
6775,CarAccessories,9354,3269,75139,21270
6776,CarAccessories,9310,2717,58250,20043
6777,CarAccessories,3411,725,80857,15522
6778,CarAccessories,2923,1255,88605,18373
6779,CarAccessories,13866,3257,91621,21264
6780,CarAccessories,19861,8316,157115,37140
6781,CarAccessories,55147,10534,31477,7460
6782,CarAccessories,59434,13823,96176,23834
6783,CarAccessories,4140,941,49962,16340
6784,CarAccessories,8652,3486,178488,47835
6785,CarAccessories,10710,3695,24347,6463
6786,CarAccessories,29039,9836,51965,12094
6787,CarAccessories,9365,2804,145611,23461
6788,CarAccessories,1898,871,74453,20374
6789,CarAccessories,3814,2831,225052,39873
6790,CarAccessories,5223,2155,80436,28184
6791,CarAccessories,16003,10081,76534,18391
6792,CarAccessories,5900,3004,121338,31814
6793,CarAccessories,31617,8417,179835,44657
6794,CarAccessories,3338,1113,196751,50832
6795,CarAccessories,18720,6460,70501,14285
6796,CarAccessories,2428,1564,100708,24400
6797,CarAccessories,21162,7180,259562,73088
6798,CarAccessories,9211,2882,120012,22491
6799,CarAccessories,7635,5650,121999,31392
6800,CarAccessories,13922,3175,110819,30034
6801,CarAccessories,8058,4204,78006,17464
6802,CarAccessories,9963,5262,99891,21588
6803,CarAccessories,4102,4468,20680,5978
6804,CarAccessories,16583,3025,117539,30110
6805,CarAccessories,11079,2639,33511,6784
6806,CarAccessories,4508,2022,54726,10228
6807,CarAccessories,37686,7815,332010,74207
6808,CarAccessories,8351,3107,102027,27632
6809,CarAccessories,5064,1391,32965,7525
6810,CarAccessories,7698,3448,70428,14796
6811,CarAccessories,3580,1507,66333,14128
6812,CarAccessories,16994,7410,70039,15566
6813,CarAccessories,5990,4371,35488,8299
6814,CarAccessories,8763,4650,33177,6674
6815,CarAccessories,17025,13780,263247,65786
6816,CarAccessories,16970,10498,103701,25893
6817,CarAccessories,15111,3484,39079,11261
6818,CarAccessories,8317,3437,24232,5107
6819,CarAccessories,8371,3972,37661,9327
6820,CarAccessories,6393,3933,125339,28726
6821,CarAccessories,2783,1206,81667,17787
6822,CarAccessories,27500,3804,164167,29203
6823,CarAccessories,24445,4420,208580,55489
6824,CarAccessories,11783,4647,36648,8910
6825,CarAccessories,3972,1309,77676,14789
6826,CarAccessories,8460,3621,152510,34911
6827,CarAccessories,33180,4912,123902,28974
6828,CarAccessories,20088,7647,85526,18703
6829,CarAccessories,21573,10538,171379,40288
6830,CarAccessories,16268,9925,201490,49856
6831,CarAccessories,3240,948,69911,18897
6832,CarAccessories,19188,4392,358746,80620
6833,CarAccessories,6664,2077,49361,13995
6834,CarAccessories,9357,3787,102141,27870
6835,CarAccessories,22411,2991,100221,30684
6836,CarAccessories,8431,2028,25520,4216
6837,CarAccessories,23398,6028,213525,60493
6838,CarAccessories,12380,8632,108599,27501
6839,CarAccessories,3542,626,353170,79050
6840,CarAccessories,3411,1607,94114,25463
6841,CarAccessories,9565,1337,228613,61967
6842,CarAccessories,2255,954,63391,19451
6843,CarAccessories,14875,3993,106771,18613
6844,CarAccessories,25121,8546,52664,11925
6845,CarAccessories,2992,3759,19275,5686
6846,CarAccessories,12862,2059,369446,92876
6847,CarAccessories,4202,908,245127,47508
6848,CarAccessories,7245,3698,43841,10406
6849,CarAccessories,7869,4706,26086,4985
6850,CarAccessories,7811,3309,59769,15006
6851,CarAccessories,5164,1182,177933,52623
6852,CarAccessories,4846,3021,71956,22059
6853,CarAccessories,45756,7008,205993,49752
6854,CarAccessories,6961,2162,70184,21452
6855,CarAccessories,15666,13000,49867,11912
6856,CarAccessories,10809,2256,154812,42694
6857,CarAccessories,12698,2185,173224,49134
6858,CarAccessories,15279,8037,37892,13213
6859,CarAccessories,12946,3883,93393,27175
6860,CarAccessories,17157,10770,104927,24356
6861,CarAccessories,6986,6514,138287,28652
6862,CarAccessories,9295,2454,77339,13497
6863,CarAccessories,11656,5928,130891,27482
6864,CarAccessories,26873,6267,20226,4129
6865,CarAccessories,26498,20116,152378,42077
6866,CarAccessories,4451,621,80610,17524
6867,CarAccessories,10675,3633,104421,26888
6868,CarAccessories,55007,8475,187142,54912
6869,CarAccessories,17997,4204,149873,48846
6870,CarAccessories,7698,1293,242385,88267
6871,CarAccessories,9029,3883,103492,19769
6872,CarAccessories,7030,1603,49194,12329
6873,CarAccessories,12894,6863,145237,31541
6874,CarAccessories,4201,3014,60877,16486
6875,CarAccessories,3927,2574,89855,19299
6876,CarAccessories,15224,8949,60964,14737
6877,CarAccessories,6337,3224,188581,41478
6878,CarAccessories,27628,3493,156968,36107
6879,CarAccessories,6225,2281,75008,22953
6880,CarAccessories,7062,714,43792,10022
6881,CarAccessories,12852,6282,183349,44178
6882,CarAccessories,7171,5546,104349,23492
6883,CarAccessories,7733,1799,76505,17851
6884,CarAccessories,11622,7682,81743,21549
6885,CarAccessories,15586,5068,354438,94962
6886,CarAccessories,25991,5180,232065,57458
6887,CarAccessories,4880,4685,60627,18701
6888,CarAccessories,42913,13613,149302,32787
6889,CarAccessories,4029,1845,245672,46917
6890,CarAccessories,31924,12535,125080,38061
6891,CarAccessories,8634,2491,91142,22427
6892,CarAccessories,6649,3088,40747,9907
6893,CarAccessories,13809,10393,42072,10570
6894,CarAccessories,26238,6946,100708,21149
6895,CarAccessories,8349,3037,77274,17171
6896,CarAccessories,20571,9289,82338,22029
6897,CarAccessories,11685,4984,52886,13326
6898,CarAccessories,4125,1611,60173,23920
6899,CarAccessories,32277,16144,145385,42817
6900,CarAccessories,5908,2277,97703,30133
6901,CarAccessories,12359,2960,67471,11719
6902,CarAccessories,21434,8917,113944,32907
6903,CarAccessories,21561,6093,97673,25563
6904,CarAccessories,4920,4501,46182,9943
6905,CarAccessories,4697,1694,21896,5226
6906,CarAccessories,9243,6013,93529,18956
6907,CarAccessories,9167,2313,101792,22260
6908,CarAccessories,17219,2352,54151,12096
6909,CarAccessories,9762,3978,70224,17256
6910,CarAccessories,35197,15574,95048,23096
6911,CarAccessories,12998,3248,141515,34452
6912,CarAccessories,13427,3147,97774,22258
6913,CarAccessories,14105,4129,117917,30446
6914,CarAccessories,7080,3072,192621,51766
6915,CarAccessories,12203,10144,87207,25341
6916,CarAccessories,24937,11369,91591,24637
6917,CarAccessories,11921,3179,134369,27052
6918,CarAccessories,15994,1479,54316,14226
6919,CarAccessories,8960,2674,85399,20237
6920,CarAccessories,13636,1664,75936,12664
6921,CarAccessories,10724,4851,298987,63334
6922,CarAccessories,8422,958,73920,16518
6923,CarAccessories,1773,1246,52782,12084
6924,CarAccessories,6301,1061,155773,35877
6925,CarAccessories,16110,9691,146642,29396
6926,CarAccessories,7761,1528,67029,14831
6927,CarAccessories,9340,3247,197342,48710
6928,CarAccessories,30804,9047,93891,16952
6929,CarAccessories,22410,8267,56456,10214
6930,CarAccessories,4579,3472,38324,7026
6931,CarAccessories,3216,1152,185553,50058
6932,CarAccessories,24008,7595,101430,27168
6933,CarAccessories,19338,3621,169148,37343
6934,CarAccessories,24107,5976,116341,26193
6935,CarAccessories,6903,3769,58700,12869
6936,CarAccessories,12851,12028,19160,4206
6937,CarAccessories,15938,1845,112329,24237
6938,CarAccessories,6108,953,53433,11433
6939,CarAccessories,6279,1230,67101,13131
6940,CarAccessories,6829,5130,71000,14169
6941,CarAccessories,27572,2434,93921,23745
6942,CarAccessories,13017,12136,118450,26942
6943,CarAccessories,21697,5254,102593,22619
6944,CarAccessories,15784,4319,88403,24231
6945,CarAccessories,10210,4526,108274,23736
6946,CarAccessories,13378,5588,33267,7575
6947,CarAccessories,6864,1525,25184,7218
6948,CarAccessories,13992,5378,51805,12871
6949,CarAccessories,19501,3911,190806,43235
6950,CarAccessories,50251,9466,139223,28126
6951,CarAccessories,13005,2842,103884,28336
6952,CarAccessories,35673,6519,103870,18622
6953,CarAccessories,36520,11284,96838,27437
6954,CarAccessories,7715,3132,210001,46682
6955,CarAccessories,25241,4379,207596,67427
6956,CarAccessories,8472,2213,133057,30494
6957,CarAccessories,12477,4024,48344,12295
6958,CarAccessories,19702,10452,249871,77601
6959,CarAccessories,9421,8876,121504,22109
6960,CarAccessories,1964,2827,55519,11518
6961,CarAccessories,17320,3886,47202,12055
6962,CarAccessories,21063,6772,93058,22175
6963,CarAccessories,48202,18392,42010,12507
6964,CarAccessories,28936,8570,198752,37141
6965,CarAccessories,5201,2938,95253,24656
6966,CarAccessories,13056,13442,148911,34962
6967,CarAccessories,9816,5647,118880,26172
6968,CarAccessories,10407,3371,95893,20933
6969,CarAccessories,18109,7367,28401,7228
6970,CarAccessories,2839,1229,113645,25342
6971,CarAccessories,14360,2467,273639,79679
6972,CarAccessories,16039,6000,147393,28045
6973,CarAccessories,4412,1054,172759,38267
6974,CarAccessories,9149,1578,119797,29418
6975,CarAccessories,3639,2023,73326,27402
6976,CarAccessories,2301,1916,57970,9995
6977,CarAccessories,41996,17349,47775,15132
6978,CarAccessories,19673,5260,141126,35184
6979,CarAccessories,21970,13271,114661,29832
6980,CarAccessories,19804,5503,137120,34792
6981,CarAccessories,8937,3125,56293,11006
6982,CarAccessories,6234,3816,30433,7862
6983,CarAccessories,22204,15640,160645,46813
6984,CarAccessories,8656,4663,33364,7421
6985,CarAccessories,5596,2357,172240,55825
6986,CarAccessories,4736,4751,33099,9189
6987,CarAccessories,5391,2055,27757,4442
6988,CarAccessories,4832,1202,87803,24204
6989,CarAccessories,16118,7097,31675,4672
6990,CarAccessories,15353,2186,54420,11419
6991,CarAccessories,15046,4962,197136,37054
6992,CarAccessories,2871,1359,47681,8259
6993,CarAccessories,12478,2782,87721,16212
6994,CarAccessories,16838,10855,70864,17054
6995,CarAccessories,37814,15511,67731,19109
6996,CarAccessories,8200,2498,102743,28710
6997,CarAccessories,47227,4239,83014,16168
6998,CarAccessories,17757,6086,165252,45020
6999,CarAccessories,23938,5287,61527,12002
7000,CarAccessories,16355,9351,70973,16900
7001,CarAccessories,12045,6360,83937,20067
7002,CarAccessories,5031,2371,60408,12731
7003,CarAccessories,5546,3453,77572,17587
7004,CarAccessories,15346,7723,25406,4464
7005,CarAccessories,7883,2789,103471,22120
7006,CarAccessories,28698,12092,245781,39792
7007,CarAccessories,5088,5111,27349,6601
7008,CarAccessories,6527,1804,213636,44899
7009,CarAccessories,15773,3087,38622,6753
7010,CarAccessories,13844,4533,70927,13834
7011,CarAccessories,10935,8088,39183,9507
7012,CarAccessories,7601,3847,148180,44323
7013,CarAccessories,12386,881,34219,9004
7014,CarAccessories,7497,2699,678306,219456
7015,CarAccessories,10400,5206,68974,18655
7016,CarAccessories,24614,7835,285394,90128
7017,CarAccessories,7785,4298,112292,24805
7018,CarAccessories,8583,1764,212776,77094
7019,CarAccessories,31848,4123,53711,13017
7020,CarAccessories,12986,3934,135921,43570
7021,CarAccessories,10421,7091,302107,72560
7022,Fitness,5529,16225,74661,22154
7023,Fitness,9298,13904,205531,65338
7024,Fitness,22597,16918,92361,21678
7025,Fitness,11224,18096,1043466,286296
7026,Fitness,17131,20818,159325,44729
7027,Fitness,31499,75409,271437,80879
7028,Fitness,41228,26580,392923,109386
7029,Fitness,4314,2394,249390,52644
7030,Fitness,9758,11343,106454,27806
7031,Fitness,9701,12433,237070,59814
7032,Fitness,18107,24276,518125,139184
7033,Fitness,8298,11281,166217,45708
7034,Fitness,6985,6422,162617,35965
7035,Fitness,7288,29224,111559,30973
7036,Fitness,14656,24812,124806,33426
7037,Fitness,13055,17984,485437,101639
7038,Fitness,14025,26601,108318,28223
7039,Fitness,6414,13093,184147,29858
7040,Fitness,12682,24241,107551,19619
7041,Fitness,15753,26365,183815,31647
7042,Fitness,5579,11151,433795,150600
7043,Fitness,37127,29053,291285,80105
7044,Fitness,11474,22629,150574,40979
7045,Fitness,9659,13416,708280,131293
7046,Fitness,13652,16539,310185,56851
7047,Fitness,20206,8270,175753,42930
7048,Fitness,14998,20531,629803,124819
7049,Fitness,30969,38519,818084,196706
7050,Fitness,4662,16301,72863,18209
7051,Fitness,26519,32127,159122,36003
7052,Fitness,33982,35750,201231,54181
7053,Fitness,18766,29994,166466,32805
7054,Fitness,3814,6457,61068,14726
7055,Fitness,13075,25577,184610,54305
7056,Fitness,52755,43707,252057,86861
7057,Fitness,9425,12591,299434,71515
7058,Fitness,55814,83063,127326,34483
7059,Fitness,54653,42491,168755,59889
7060,Fitness,35881,25488,270443,58081
7061,Fitness,17420,26406,161991,61912
7062,Fitness,16062,16690,177090,33476
7063,Fitness,3882,12149,159560,44922
7064,Fitness,7351,15054,161283,31459
7065,Fitness,9180,8935,124772,23323
7066,Fitness,8937,3680,72839,15132
7067,Fitness,12363,24549,421261,101123
7068,Fitness,4564,10606,87531,25737
7069,Fitness,8318,6827,80033,19313
7070,Fitness,22229,32642,190114,46351
7071,Fitness,16626,10874,174241,39426
7072,Fitness,2752,4500,296599,60347
7073,Fitness,8140,18173,167509,45615
7074,Fitness,23867,57181,305906,84698
7075,Fitness,5887,10049,261680,72547
7076,Fitness,20444,29274,75204,18474
7077,Fitness,10527,19361,120107,37461
7078,Fitness,8737,3590,285841,63869
7079,Fitness,14109,21287,140491,32538
7080,Fitness,18212,15810,129685,30886
7081,Fitness,2872,5583,200449,47041
7082,Fitness,7051,3058,99093,35387
7083,Fitness,5021,8300,312624,85125
7084,Fitness,6260,13604,107249,30241
7085,Fitness,23214,35307,165099,36728
7086,Fitness,7876,12209,99579,25545
7087,Fitness,10704,8767,326995,56680
7088,Fitness,9684,10202,405383,118543
7089,Fitness,2693,2866,47448,14211
7090,Fitness,10915,11747,229184,54078
7091,Fitness,6257,16506,141184,36754
7092,Fitness,12389,31331,338933,100150
7093,Fitness,51651,58138,65760,17697
7094,Fitness,7186,18525,161500,31932
7095,Fitness,7616,9134,353942,107434
7096,Fitness,22264,25276,549581,161408
7097,Fitness,5027,7766,218669,65276
7098,Fitness,9159,11408,115025,18332
7099,Fitness,22938,26555,336813,67556
7100,Fitness,6640,14919,312075,105649
7101,Fitness,15215,21926,262724,69273
7102,Fitness,32056,31602,174933,43040
7103,Fitness,2925,9789,124603,27711
7104,Fitness,11714,13054,71334,18525
7105,Fitness,2138,2340,194192,49458
7106,Fitness,12737,16915,474716,120689
7107,Fitness,12826,56801,30403,9516
7108,Fitness,22284,49842,171076,37507
7109,Fitness,33550,79616,214598,64238
7110,Fitness,2918,6304,145976,39451
7111,Fitness,3337,5510,261597,61573
7112,Fitness,11380,11319,182854,40197
7113,Fitness,10144,21912,284908,66030
7114,Fitness,11773,4471,106396,31578
7115,Fitness,6834,24608,34231,9058
7116,Fitness,29155,29744,234602,73538
7117,Fitness,13166,17830,137547,39922
7118,Fitness,14339,13974,159732,37228
7119,Fitness,7328,16775,94908,21557
7120,Fitness,2663,3263,335288,69044
7121,Fitness,14218,21414,118096,27800
7122,Fitness,10760,13445,139510,31724
7123,Fitness,13332,41270,157413,35511
7124,Fitness,7428,8278,156834,55779
7125,Fitness,5920,12778,365403,94600
7126,Fitness,8076,14506,153009,54065
7127,Fitness,6487,7858,123481,35912
7128,Fitness,23343,15322,444722,110271
7129,Fitness,9663,18358,133248,34158
7130,Fitness,9984,12026,118804,31539
7131,Fitness,4194,11850,134028,38239
7132,Fitness,23015,9103,155163,53994
7133,Fitness,8071,16406,99686,18304
7134,Fitness,4030,7075,112726,21112
7135,Fitness,7746,8233,289990,77900
7136,Fitness,14349,13337,103755,23229
7137,Fitness,4381,6243,237743,47149
7138,Fitness,11599,13839,665333,198656
7139,Fitness,13246,27303,87706,23499
7140,Fitness,22053,10537,105085,22617
7141,Fitness,12666,32034,237936,63659
7142,PetFood,86929,38180,179262,22002
7143,PetFood,21161,4062,84286,11848
7144,PetFood,33141,13574,67190,6603
7145,PetFood,104937,42997,128983,17196
7146,PetFood,51407,16465,98006,9161
7147,PetFood,12504,7957,68960,8471
7148,PetFood,25235,20874,197775,22071
7149,PetFood,16734,8282,41361,5097
7150,PetFood,36507,27798,252546,38756
7151,PetFood,19887,10953,95305,15096
7152,PetFood,37586,14007,48889,5521
7153,PetFood,18389,12922,46401,5745
7154,PetFood,19634,8710,96852,11135
7155,PetFood,66887,22376,51347,4842
7156,PetFood,22031,13408,64263,7226
7157,PetFood,20612,9070,135593,14545
7158,PetFood,20079,13953,59102,5317
7159,PetFood,14799,6786,90470,11592
7160,PetFood,11053,8515,135658,14118
7161,PetFood,53004,16981,54711,6612
7162,PetFood,26648,14168,86967,10533
7163,PetFood,92982,24354,122736,16403
7164,PetFood,26405,11299,80045,14470
7165,PetFood,58492,22666,177143,19296
7166,PetFood,50765,15007,105555,12877
7167,PetFood,44671,14639,152802,13376
7168,PetFood,33886,15083,80270,7421
7169,PetFood,26856,12890,99805,14171
7170,PetFood,22993,19830,91727,10843
7171,PetFood,35661,37556,196653,19920
7172,PetFood,29790,29848,39016,3724
7173,PetFood,21163,12338,60431,6794
7174,PetFood,41644,34675,51508,5613
7175,PetFood,23836,14687,67500,6831
7176,PetFood,45109,15634,110932,15970
7177,PetFood,34050,10139,101802,10922
7178,PetFood,38676,30473,46505,6039
7179,PetFood,28909,13968,50458,5318
7180,PetFood,8159,9302,144027,19055
7181,PetFood,25922,16896,145432,23136
7182,PetFood,43397,35970,116385,19164
7183,PetFood,25470,14693,56848,6683
7184,PetFood,29975,17194,252525,28726
7185,PetFood,20859,13933,92134,8446
7186,PetFood,36490,12789,286925,40109
7187,PetFood,20081,9303,89431,10327
7188,PetFood,43372,27677,96795,13650
7189,PetFood,29998,10621,116092,13023
7190,PetFood,30171,7068,66164,6524
7191,PetFood,32748,9007,69917,11041
7192,PetFood,18566,7324,295119,24718
7193,PetFood,11929,7646,108252,13371
7194,PetFood,24854,6614,103554,13703
7195,PetFood,47518,12672,234765,22836
7196,PetFood,45299,24343,195419,19938
7197,PetFood,42398,16912,279472,38559
7198,PetFood,14513,9209,123391,13487
7199,PetFood,46223,23368,93201,12704
7200,PetFood,20705,7109,22055,2889
7201,PetFood,48115,30284,247780,26882
7202,PetFood,50224,15518,104842,9449
7203,PetFood,50345,25697,168142,24315
7204,PetFood,55203,13439,107597,14602
7205,PetFood,85413,40630,171989,20162
7206,PetFood,28174,19941,114645,12637
7207,PetFood,23286,10135,58963,8222
7208,PetFood,24447,8663,138129,15191
7209,PetFood,24350,16103,80292,9162
7210,PetFood,27368,14435,85247,11961
7211,PetFood,25592,12955,94688,9439
7212,PetFood,29850,14571,52176,7225
7213,PetFood,21150,14917,136759,15639
7214,PetFood,20045,7026,106042,8192
7215,PetFood,27232,8126,105212,10856
7216,PetFood,16940,6170,38618,4854
7217,PetFood,11353,6826,23362,2572
7218,PetFood,30105,12030,73126,7552
7219,PetFood,9385,5700,78495,7200
7220,PetFood,38175,19455,80426,10790
7221,PetFood,22674,11856,48428,6317
7222,PaintChemicals,8268,7623,75108,12776
7223,PaintChemicals,9135,6378,129297,24566
7224,PaintChemicals,3292,2128,48898,12117
7225,PaintChemicals,6079,8963,132316,19634
7226,PaintChemicals,4417,5081,129643,22512
7227,PaintChemicals,13435,14031,65780,11304
7228,PaintChemicals,10034,6249,229594,37482
7229,PaintChemicals,2754,2539,85055,14924
7230,PaintChemicals,5760,10757,53081,12883
7231,PaintChemicals,4280,8216,89085,27268
7232,PaintChemicals,12472,12271,85726,10320
7233,PaintChemicals,8529,15694,82052,15272
7234,PaintChemicals,4994,4782,183740,48908
7235,PaintChemicals,4246,7020,90549,13685
7236,PaintChemicals,1440,2002,77203,15322
7237,PaintChemicals,3574,3926,107162,26732
7238,PaintChemicals,7928,7216,142998,24882
7239,PaintChemicals,2640,13045,60975,11726
7240,PaintChemicals,4905,3871,86458,16922
7241,PaintChemicals,4931,6374,140190,22375
7242,PaintChemicals,8693,13237,31794,6633
7243,PaintChemicals,10618,11228,73494,11559
7244,PaintChemicals,14408,15800,72044,13719
7245,PaintChemicals,17427,15181,121659,30683
7246,PaintChemicals,5285,5037,72355,15798
7247,PaintChemicals,16202,37868,115992,27549
7248,PaintChemicals,3909,11672,64791,14470
7249,PaintChemicals,4715,3822,51020,12817
7250,PaintChemicals,3342,7866,49599,14262
7251,PaintChemicals,4922,3044,39557,7036
7252,PaintChemicals,4349,5104,121491,24118
7253,PaintChemicals,9703,18583,115123,27418
7254,PaintChemicals,2832,4414,81177,10996
7255,PaintChemicals,7114,6066,78920,17527
7256,PaintChemicals,3692,4449,127479,29359
7257,PaintChemicals,7262,10208,67426,12292
7258,PaintChemicals,21232,12124,166444,35850
7259,PaintChemicals,31705,32536,47614,10461
7260,PaintChemicals,5934,8198,128743,23031
7261,PaintChemicals,11758,14321,206288,35231
7262,PaintChemicals,2687,2934,67975,13061
7263,PaintChemicals,5509,16216,161685,24562
7264,PaintChemicals,11634,6830,78831,15320
7265,PaintChemicals,8231,18221,131889,22558
7266,PaintChemicals,5461,7910,58218,13861
7267,PaintChemicals,14400,14398,149109,26019
7268,PaintChemicals,2737,3996,126732,30209
7269,PaintChemicals,3895,4866,73804,15334
7270,PaintChemicals,3801,8697,94465,15161
7271,PaintChemicals,3652,5647,116040,29931
7272,PaintChemicals,6441,7377,54784,11331
7273,PaintChemicals,1719,3126,145541,30067
7274,PaintChemicals,3907,4598,119711,30009
7275,PaintChemicals,3037,5549,49256,9514
7276,PaintChemicals,5034,9859,108009,22112
7277,PaintChemicals,3933,2578,81233,13735
7278,PaintChemicals,4713,8390,146104,25086
7279,PaintChemicals,8754,8667,36524,7867
7280,PaintChemicals,4846,2764,52894,10357
7281,PaintChemicals,4384,13079,79278,17093
7282,PaintChemicals,7535,13857,64623,14185
7283,PaintChemicals,4568,4239,88637,14649
7284,PaintChemicals,15278,15528,126105,21904
7285,PaintChemicals,4370,8779,116246,18037
7286,PaintChemicals,16117,19969,165157,43012
7287,PaintChemicals,8261,8668,86154,20181
7288,PaintChemicals,3164,5922,77793,16966
7289,PaintChemicals,5384,5800,134330,21516
7290,PaintChemicals,6963,6850,78971,13163
7291,PaintChemicals,15955,15651,76671,13840
7292,PaintChemicals,10853,11376,91176,23570
7293,PaintChemicals,8575,14667,64332,13972
7294,PaintChemicals,4864,3019,133669,29755
7295,PaintChemicals,13645,10542,60715,12742
7296,PaintChemicals,10397,10663,104294,21759
7297,PaintChemicals,4320,5036,21847,5724
7298,PaintChemicals,6133,5414,39946,8255
7299,PaintChemicals,8623,14521,64324,8461
7300,PaintChemicals,3526,6310,75951,14443
7301,PaintChemicals,2237,1215,105280,19093
7302,PaintChemicals,14389,10819,156211,27749
7303,PaintChemicals,3783,5261,294627,50833
7304,PaintChemicals,4928,2471,128098,27954
7305,PaintChemicals,7275,13339,60763,15699
7306,PaintChemicals,9685,14428,42637,8124
7307,PaintChemicals,6439,7019,26329,4838
7308,PaintChemicals,2938,3771,70755,11614
7309,PaintChemicals,12472,10069,38720,8266
7310,PaintChemicals,5404,6271,97112,20498
7311,PaintChemicals,14364,13289,69037,10991
7312,PaintChemicals,6723,4928,41837,9017
7313,PaintChemicals,3206,6168,91897,19556
7314,PaintChemicals,6436,5532,90346,21522
7315,PaintChemicals,11270,9357,247846,52649
7316,PaintChemicals,5595,7475,62150,13790
7317,CarBatteries,4451,11273,310528,67280
7318,CarBatteries,5502,10889,363167,57755
7319,CarBatteries,6880,13594,296852,45693
7320,CarBatteries,13993,18011,289823,39424
7321,CarBatteries,7984,13337,356143,48283
7322,CarBatteries,14500,32693,243502,34972
7323,CarBatteries,7780,16373,359748,57743
7324,CarBatteries,16208,31122,377056,51612
7325,CarBatteries,11345,21494,294939,46191
7326,CarBatteries,15305,22666,350608,39831
7327,CarBatteries,9925,11850,330358,72468
7328,CarBatteries,6680,13980,338561,45122
7329,CarBatteries,5197,12358,288749,45394
7330,CarBatteries,12849,25378,274133,32565
7331,CarBatteries,6932,20252,158334,28600
7332,CarBatteries,10065,21715,227270,42023
7333,CarBatteries,4610,11249,371727,55193
7334,CarBatteries,7820,14152,489823,60696
7335,CarBatteries,18238,40099,276342,51991
7336,CarBatteries,9699,25549,576598,73396
7337,CarBatteries,6908,16823,231456,35068
7338,CarBatteries,6491,12342,128875,22841
7339,CarBatteries,4789,11414,400592,43435
7340,CarBatteries,9107,12848,271568,42541
7341,CarBatteries,6196,19755,333358,45655
7342,CarBatteries,6834,16430,247646,24444
7343,CarBatteries,10872,27327,224646,29209
7344,CarBatteries,14424,29317,411576,72144
7345,CarBatteries,15035,42648,568943,92065
7346,CarBatteries,6172,19026,332495,32229
7347,CarBatteries,5200,15127,541158,87794
7348,CarBatteries,7510,13477,495359,65442
7349,CarBatteries,8082,11828,305819,47250
7350,CarBatteries,10393,22539,196027,35543
7351,CarBatteries,3548,10515,342889,66008
7352,CarBatteries,6745,12618,199178,34584
7353,CarBatteries,3755,10186,277045,53372
7354,CarBatteries,9840,20342,693484,117285
7355,CarBatteries,7931,12756,739907,91296
7356,CarBatteries,9016,18510,193424,25236
7357,CarBatteries,5803,24530,288164,32098
7358,CarBatteries,4794,14750,220026,31840
7359,CarBatteries,8782,13307,260402,37127
7360,CarBatteries,7640,21603,410209,61316
7361,CarBatteries,6286,13921,246819,43634
7362,CarBatteries,8066,23722,285089,55290
7363,CarBatteries,7264,15795,190110,28706
7364,CarBatteries,15187,31107,615511,71006
7365,CarBatteries,11235,20854,209133,26582
7366,CarBatteries,9242,16740,156409,20317
7367,CarBatteries,4140,12540,301056,36176
7368,CarBatteries,3505,9232,236218,42764
7369,CarBatteries,3216,8701,185832,32984
7370,CarBatteries,9754,13804,283656,46428
7371,CarBatteries,6334,16248,134804,17193
